image,breed,species,confidence,decision,model_version,error
data\raw\oxford-iiit-pet\images\Abyssinian_1.jpg,Abyssinian,cat,0.9979183077812195,confident,v1,
data\raw\oxford-iiit-pet\images\Abyssinian_10.jpg,Abyssinian,cat,0.8417832255363464,confident,v1,
data\raw\oxford-iiit-pet\images\Abyssinian_100.jpg,Abyssinian,cat,0.9946354031562805,confident,v1,
data\raw\oxford-iiit-pet\images\Abyssinian_101.jpg,Abyssinian,cat,0.9968256950378418,confident,v1,
data\raw\oxford-iiit-pet\images\Abyssinian_102.jpg,Abyssinian,cat,0.9824209809303284,confident,v1,
data\raw\oxford-iiit-pet\images\Abyssinian_103.jpg,Abyssinian,cat,0.9943842887878418,confident,v1,
data\raw\oxford-iiit-pet\images\Abyssinian_104.jpg,Abyssinian,cat,0.9962273836135864,confident,v1,
data\raw\oxford-iiit-pet\images\Abyssinian_105.jpg,Abyssinian,cat,0.9879605174064636,confident,v1,
data\raw\oxford-iiit-pet\images\Abyssinian_106.jpg,Abyssinian,cat,0.9976748824119568,confident,v1,
data\raw\oxford-iiit-pet\images\Abyssinian_107.jpg,Abyssinian,cat,0.8508405685424805,confident,v1,
data\raw\oxford-iiit-pet\images\Abyssinian_108.jpg,Abyssinian,cat,0.9611776471138,confident,v1,
data\raw\oxford-iiit-pet\images\Abyssinian_109.jpg,Abyssinian,cat,0.9813713431358337,confident,v1,
data\raw\oxford-iiit-pet\images\Abyssinian_11.jpg,Abyssinian,cat,0.9963663816452026,confident,v1,
data\raw\oxford-iiit-pet\images\Abyssinian_110.jpg,Abyssinian,cat,0.997791051864624,confident,v1,
data\raw\oxford-iiit-pet\images\Abyssinian_111.jpg,Abyssinian,cat,0.9918692111968994,confident,v1,
data\raw\oxford-iiit-pet\images\Abyssinian_112.jpg,Abyssinian,cat,0.9916241765022278,confident,v1,
data\raw\oxford-iiit-pet\images\Abyssinian_113.jpg,Abyssinian,cat,0.9335007071495056,confident,v1,
data\raw\oxford-iiit-pet\images\Abyssinian_114.jpg,Abyssinian,cat,0.9892135262489319,confident,v1,
data\raw\oxford-iiit-pet\images\Abyssinian_115.jpg,Abyssinian,cat,0.9974683523178101,confident,v1,
data\raw\oxford-iiit-pet\images\Abyssinian_116.jpg,Abyssinian,cat,0.9984983205795288,confident,v1,
data\raw\oxford-iiit-pet\images\Abyssinian_117.jpg,Abyssinian,cat,0.9958833456039429,confident,v1,
data\raw\oxford-iiit-pet\images\Abyssinian_118.jpg,Abyssinian,cat,0.9704985618591309,confident,v1,
data\raw\oxford-iiit-pet\images\Abyssinian_119.jpg,Abyssinian,cat,0.992906928062439,confident,v1,
data\raw\oxford-iiit-pet\images\Abyssinian_12.jpg,Abyssinian,cat,0.9978664517402649,confident,v1,
data\raw\oxford-iiit-pet\images\Abyssinian_120.jpg,Abyssinian,cat,0.9981334805488586,confident,v1,
data\raw\oxford-iiit-pet\images\Abyssinian_121.jpg,Abyssinian,cat,0.9896631836891174,confident,v1,
data\raw\oxford-iiit-pet\images\Abyssinian_122.jpg,Abyssinian,cat,0.9988988637924194,confident,v1,
data\raw\oxford-iiit-pet\images\Abyssinian_123.jpg,Abyssinian,cat,0.9948574304580688,confident,v1,
data\raw\oxford-iiit-pet\images\Abyssinian_124.jpg,Abyssinian,cat,0.9963734745979309,confident,v1,
data\raw\oxford-iiit-pet\images\Abyssinian_125.jpg,Abyssinian,cat,0.9977553486824036,confident,v1,
data\raw\oxford-iiit-pet\images\Abyssinian_126.jpg,Abyssinian,cat,0.9811974167823792,confident,v1,
data\raw\oxford-iiit-pet\images\Abyssinian_127.jpg,Abyssinian,cat,0.9835404753684998,confident,v1,
data\raw\oxford-iiit-pet\images\Abyssinian_128.jpg,Abyssinian,cat,0.9961557984352112,confident,v1,
data\raw\oxford-iiit-pet\images\Abyssinian_129.jpg,Abyssinian,cat,0.9952774047851562,confident,v1,
data\raw\oxford-iiit-pet\images\Abyssinian_13.jpg,Abyssinian,cat,0.9981613755226135,confident,v1,
data\raw\oxford-iiit-pet\images\Abyssinian_130.jpg,Abyssinian,cat,0.9991525411605835,confident,v1,
data\raw\oxford-iiit-pet\images\Abyssinian_131.jpg,Abyssinian,cat,0.9961749315261841,confident,v1,
data\raw\oxford-iiit-pet\images\Abyssinian_132.jpg,Abyssinian,cat,0.9941222071647644,confident,v1,
data\raw\oxford-iiit-pet\images\Abyssinian_133.jpg,Abyssinian,cat,0.9951266050338745,confident,v1,
data\raw\oxford-iiit-pet\images\Abyssinian_134.jpg,Abyssinian,cat,0.9962239265441895,confident,v1,
data\raw\oxford-iiit-pet\images\Abyssinian_135.jpg,Abyssinian,cat,0.9938914775848389,confident,v1,
data\raw\oxford-iiit-pet\images\Abyssinian_136.jpg,Abyssinian,cat,0.9582812190055847,confident,v1,
data\raw\oxford-iiit-pet\images\Abyssinian_137.jpg,Abyssinian,cat,0.9706704616546631,confident,v1,
data\raw\oxford-iiit-pet\images\Abyssinian_138.jpg,Abyssinian,cat,0.9954505562782288,confident,v1,
data\raw\oxford-iiit-pet\images\Abyssinian_139.jpg,Abyssinian,cat,0.9913130402565002,confident,v1,
data\raw\oxford-iiit-pet\images\Abyssinian_14.jpg,Abyssinian,cat,0.9936289191246033,confident,v1,
data\raw\oxford-iiit-pet\images\Abyssinian_140.jpg,Abyssinian,cat,0.9986910223960876,confident,v1,
data\raw\oxford-iiit-pet\images\Abyssinian_141.jpg,Abyssinian,cat,0.9915822148323059,confident,v1,
data\raw\oxford-iiit-pet\images\Abyssinian_142.jpg,Abyssinian,cat,0.9878174662590027,confident,v1,
data\raw\oxford-iiit-pet\images\Abyssinian_143.jpg,Abyssinian,cat,0.9962220191955566,confident,v1,
data\raw\oxford-iiit-pet\images\Abyssinian_144.jpg,Abyssinian,cat,0.9981979727745056,confident,v1,
data\raw\oxford-iiit-pet\images\Abyssinian_145.jpg,Abyssinian,cat,0.9970032572746277,confident,v1,
data\raw\oxford-iiit-pet\images\Abyssinian_146.jpg,Abyssinian,cat,0.9909436106681824,confident,v1,
data\raw\oxford-iiit-pet\images\Abyssinian_148.jpg,Abyssinian,cat,0.9951744675636292,confident,v1,
data\raw\oxford-iiit-pet\images\Abyssinian_149.jpg,Abyssinian,cat,0.9980242252349854,confident,v1,
data\raw\oxford-iiit-pet\images\Abyssinian_15.jpg,Abyssinian,cat,0.8278167247772217,confident,v1,
data\raw\oxford-iiit-pet\images\Abyssinian_150.jpg,Abyssinian,cat,0.9593295454978943,confident,v1,
data\raw\oxford-iiit-pet\images\Abyssinian_151.jpg,Abyssinian,cat,0.9857282042503357,confident,v1,
data\raw\oxford-iiit-pet\images\Abyssinian_152.jpg,Abyssinian,cat,0.9929572343826294,confident,v1,
data\raw\oxford-iiit-pet\images\Abyssinian_153.jpg,Abyssinian,cat,0.9982767105102539,confident,v1,
data\raw\oxford-iiit-pet\images\Abyssinian_154.jpg,Abyssinian,cat,0.9961735606193542,confident,v1,
data\raw\oxford-iiit-pet\images\Abyssinian_155.jpg,Abyssinian,cat,0.993313729763031,confident,v1,
data\raw\oxford-iiit-pet\images\Abyssinian_156.jpg,Abyssinian,cat,0.9931051135063171,confident,v1,
data\raw\oxford-iiit-pet\images\Abyssinian_157.jpg,Abyssinian,cat,0.9871068596839905,confident,v1,
data\raw\oxford-iiit-pet\images\Abyssinian_158.jpg,Abyssinian,cat,0.9955322742462158,confident,v1,
data\raw\oxford-iiit-pet\images\Abyssinian_159.jpg,Abyssinian,cat,0.9552669525146484,confident,v1,
data\raw\oxford-iiit-pet\images\Abyssinian_16.jpg,Abyssinian,cat,0.9932979941368103,confident,v1,
data\raw\oxford-iiit-pet\images\Abyssinian_160.jpg,Abyssinian,cat,0.9926717281341553,confident,v1,
data\raw\oxford-iiit-pet\images\Abyssinian_161.jpg,Abyssinian,cat,0.9983569979667664,confident,v1,
data\raw\oxford-iiit-pet\images\Abyssinian_164.jpg,Abyssinian,cat,0.9941985607147217,confident,v1,
data\raw\oxford-iiit-pet\images\Abyssinian_165.jpg,Abyssinian,cat,0.9981592297554016,confident,v1,
data\raw\oxford-iiit-pet\images\Abyssinian_166.jpg,Abyssinian,cat,0.9981834292411804,confident,v1,
data\raw\oxford-iiit-pet\images\Abyssinian_167.jpg,Abyssinian,cat,0.993298351764679,confident,v1,
data\raw\oxford-iiit-pet\images\Abyssinian_168.jpg,Abyssinian,cat,0.6627180576324463,uncertain,v1,
data\raw\oxford-iiit-pet\images\Abyssinian_169.jpg,Abyssinian,cat,0.9897945523262024,confident,v1,
data\raw\oxford-iiit-pet\images\Abyssinian_17.jpg,Abyssinian,cat,0.9970415234565735,confident,v1,
data\raw\oxford-iiit-pet\images\Abyssinian_170.jpg,Abyssinian,cat,0.34295693039894104,uncertain,v1,
data\raw\oxford-iiit-pet\images\Abyssinian_172.jpg,Abyssinian,cat,0.9868406057357788,confident,v1,
data\raw\oxford-iiit-pet\images\Abyssinian_173.jpg,Abyssinian,cat,0.9980854988098145,confident,v1,
data\raw\oxford-iiit-pet\images\Abyssinian_174.jpg,Abyssinian,cat,0.9942758679389954,confident,v1,
data\raw\oxford-iiit-pet\images\Abyssinian_175.jpg,Abyssinian,cat,0.9325917959213257,confident,v1,
data\raw\oxford-iiit-pet\images\Abyssinian_176.jpg,Abyssinian,cat,0.9962574243545532,confident,v1,
data\raw\oxford-iiit-pet\images\Abyssinian_177.jpg,Abyssinian,cat,0.9970418810844421,confident,v1,
data\raw\oxford-iiit-pet\images\Abyssinian_178.jpg,Abyssinian,cat,0.9935609102249146,confident,v1,
data\raw\oxford-iiit-pet\images\Abyssinian_179.jpg,Abyssinian,cat,0.9994810223579407,confident,v1,
data\raw\oxford-iiit-pet\images\Abyssinian_18.jpg,Abyssinian,cat,0.9823111295700073,confident,v1,
data\raw\oxford-iiit-pet\images\Abyssinian_180.jpg,Abyssinian,cat,0.9996060729026794,confident,v1,
data\raw\oxford-iiit-pet\images\Abyssinian_181.jpg,Abyssinian,cat,0.9980390667915344,confident,v1,
data\raw\oxford-iiit-pet\images\Abyssinian_182.jpg,Abyssinian,cat,0.9972507357597351,confident,v1,
data\raw\oxford-iiit-pet\images\Abyssinian_183.jpg,Abyssinian,cat,0.9961674809455872,confident,v1,
data\raw\oxford-iiit-pet\images\Abyssinian_184.jpg,Abyssinian,cat,0.9925881028175354,confident,v1,
data\raw\oxford-iiit-pet\images\Abyssinian_185.jpg,Abyssinian,cat,0.9821481704711914,confident,v1,
data\raw\oxford-iiit-pet\images\Abyssinian_19.jpg,Abyssinian,cat,0.9986351132392883,confident,v1,
data\raw\oxford-iiit-pet\images\Abyssinian_190.jpg,Abyssinian,cat,0.9596817493438721,confident,v1,
data\raw\oxford-iiit-pet\images\Abyssinian_191.jpg,Abyssinian,cat,0.9811097383499146,confident,v1,
data\raw\oxford-iiit-pet\images\Abyssinian_192.jpg,Abyssinian,cat,0.9757919311523438,confident,v1,
data\raw\oxford-iiit-pet\images\Abyssinian_193.jpg,Abyssinian,cat,0.9984655380249023,confident,v1,
data\raw\oxford-iiit-pet\images\Abyssinian_195.jpg,Abyssinian,cat,0.9981880784034729,confident,v1,
data\raw\oxford-iiit-pet\images\Abyssinian_196.jpg,Abyssinian,cat,0.8979147672653198,confident,v1,
data\raw\oxford-iiit-pet\images\Abyssinian_197.jpg,Abyssinian,cat,0.9970748424530029,confident,v1,
data\raw\oxford-iiit-pet\images\Abyssinian_2.jpg,Abyssinian,cat,0.9945421814918518,confident,v1,
data\raw\oxford-iiit-pet\images\Abyssinian_20.jpg,Abyssinian,cat,0.8808298707008362,confident,v1,
data\raw\oxford-iiit-pet\images\Abyssinian_201.jpg,Abyssinian,cat,0.9840488433837891,confident,v1,
data\raw\oxford-iiit-pet\images\Abyssinian_202.jpg,Abyssinian,cat,0.98879075050354,confident,v1,
data\raw\oxford-iiit-pet\images\Abyssinian_204.jpg,Abyssinian,cat,0.8660154938697815,confident,v1,
data\raw\oxford-iiit-pet\images\Abyssinian_205.jpg,Abyssinian,cat,0.9700767993927002,confident,v1,
data\raw\oxford-iiit-pet\images\Abyssinian_206.jpg,Abyssinian,cat,0.8787527680397034,confident,v1,
data\raw\oxford-iiit-pet\images\Abyssinian_207.jpg,Abyssinian,cat,0.4520513713359833,uncertain,v1,
data\raw\oxford-iiit-pet\images\Abyssinian_21.jpg,Persian,cat,0.3153606355190277,uncertain,v1,
data\raw\oxford-iiit-pet\images\Abyssinian_210.jpg,Abyssinian,cat,0.9782731533050537,confident,v1,
data\raw\oxford-iiit-pet\images\Abyssinian_212.jpg,Abyssinian,cat,0.9653257131576538,confident,v1,
data\raw\oxford-iiit-pet\images\Abyssinian_213.jpg,Abyssinian,cat,0.9953071475028992,confident,v1,
data\raw\oxford-iiit-pet\images\Abyssinian_215.jpg,Bengal,cat,0.9537538886070251,confident,v1,
data\raw\oxford-iiit-pet\images\Abyssinian_216.jpg,Abyssinian,cat,0.9875031113624573,confident,v1,
data\raw\oxford-iiit-pet\images\Abyssinian_217.jpg,Bengal,cat,0.5517436861991882,uncertain,v1,
data\raw\oxford-iiit-pet\images\Abyssinian_219.jpg,Abyssinian,cat,0.9987993240356445,confident,v1,
data\raw\oxford-iiit-pet\images\Abyssinian_22.jpg,Abyssinian,cat,0.9985881447792053,confident,v1,
data\raw\oxford-iiit-pet\images\Abyssinian_220.jpg,Abyssinian,cat,0.9831447601318359,confident,v1,
data\raw\oxford-iiit-pet\images\Abyssinian_221.jpg,Abyssinian,cat,0.8959337472915649,confident,v1,
data\raw\oxford-iiit-pet\images\Abyssinian_223.jpg,Abyssinian,cat,0.9303910732269287,confident,v1,
data\raw\oxford-iiit-pet\images\Abyssinian_224.jpg,Abyssinian,cat,0.9923672080039978,confident,v1,
data\raw\oxford-iiit-pet\images\Abyssinian_225.jpg,Abyssinian,cat,0.9949501752853394,confident,v1,
data\raw\oxford-iiit-pet\images\Abyssinian_226.jpg,Ragdoll,cat,0.357815146446228,uncertain,v1,
data\raw\oxford-iiit-pet\images\Abyssinian_228.jpg,Abyssinian,cat,0.98918217420578,confident,v1,
data\raw\oxford-iiit-pet\images\Abyssinian_230.jpg,Abyssinian,cat,0.9841977953910828,confident,v1,
data\raw\oxford-iiit-pet\images\Abyssinian_232.jpg,Abyssinian,cat,0.9942628741264343,confident,v1,
data\raw\oxford-iiit-pet\images\Abyssinian_24.jpg,Abyssinian,cat,0.9877892732620239,confident,v1,
data\raw\oxford-iiit-pet\images\Abyssinian_25.jpg,Abyssinian,cat,0.9982263445854187,confident,v1,
data\raw\oxford-iiit-pet\images\Abyssinian_26.jpg,Abyssinian,cat,0.9685494899749756,confident,v1,
data\raw\oxford-iiit-pet\images\Abyssinian_27.jpg,Abyssinian,cat,0.9929572343826294,confident,v1,
data\raw\oxford-iiit-pet\images\Abyssinian_29.jpg,Abyssinian,cat,0.9848484396934509,confident,v1,
data\raw\oxford-iiit-pet\images\Abyssinian_3.jpg,Abyssinian,cat,0.9742927551269531,confident,v1,
data\raw\oxford-iiit-pet\images\Abyssinian_30.jpg,Abyssinian,cat,0.9949676394462585,confident,v1,
data\raw\oxford-iiit-pet\images\Abyssinian_31.jpg,Abyssinian,cat,0.8248899579048157,confident,v1,
data\raw\oxford-iiit-pet\images\Abyssinian_32.jpg,Abyssinian,cat,0.9854771494865417,confident,v1,
data\raw\oxford-iiit-pet\images\Abyssinian_33.jpg,Abyssinian,cat,0.9933699369430542,confident,v1,
data\raw\oxford-iiit-pet\images\Abyssinian_34.jpg,Abyssinian,cat,0.9875707030296326,confident,v1,
data\raw\oxford-iiit-pet\images\Abyssinian_36.jpg,Abyssinian,cat,0.40610119700431824,uncertain,v1,
data\raw\oxford-iiit-pet\images\Abyssinian_37.jpg,Abyssinian,cat,0.980536937713623,confident,v1,
data\raw\oxford-iiit-pet\images\Abyssinian_4.jpg,Abyssinian,cat,0.9950382113456726,confident,v1,
data\raw\oxford-iiit-pet\images\Abyssinian_40.jpg,Abyssinian,cat,0.9724786877632141,confident,v1,
data\raw\oxford-iiit-pet\images\Abyssinian_43.jpg,Abyssinian,cat,0.989834189414978,confident,v1,
data\raw\oxford-iiit-pet\images\Abyssinian_44.jpg,Abyssinian,cat,0.9985194802284241,confident,v1,
data\raw\oxford-iiit-pet\images\Abyssinian_45.jpg,Abyssinian,cat,0.9959096908569336,confident,v1,
data\raw\oxford-iiit-pet\images\Abyssinian_46.jpg,Abyssinian,cat,0.9583770036697388,confident,v1,
data\raw\oxford-iiit-pet\images\Abyssinian_47.jpg,Abyssinian,cat,0.9596630930900574,confident,v1,
data\raw\oxford-iiit-pet\images\Abyssinian_48.jpg,Abyssinian,cat,0.8801303505897522,confident,v1,
data\raw\oxford-iiit-pet\images\Abyssinian_49.jpg,Abyssinian,cat,0.7647927403450012,uncertain,v1,
data\raw\oxford-iiit-pet\images\Abyssinian_5.jpg,Abyssinian,cat,0.9986889958381653,confident,v1,
data\raw\oxford-iiit-pet\images\Abyssinian_50.jpg,Persian,cat,0.5401108264923096,uncertain,v1,
data\raw\oxford-iiit-pet\images\Abyssinian_51.jpg,Abyssinian,cat,0.9851539731025696,confident,v1,
data\raw\oxford-iiit-pet\images\Abyssinian_52.jpg,Abyssinian,cat,0.5355896949768066,uncertain,v1,
data\raw\oxford-iiit-pet\images\Abyssinian_54.jpg,Abyssinian,cat,0.9755392074584961,confident,v1,
data\raw\oxford-iiit-pet\images\Abyssinian_55.jpg,Abyssinian,cat,0.9964949488639832,confident,v1,
data\raw\oxford-iiit-pet\images\Abyssinian_56.jpg,Abyssinian,cat,0.9914973378181458,confident,v1,
data\raw\oxford-iiit-pet\images\Abyssinian_57.jpg,Abyssinian,cat,0.7966997623443604,confident,v1,
data\raw\oxford-iiit-pet\images\Abyssinian_58.jpg,Abyssinian,cat,0.9578900337219238,confident,v1,
data\raw\oxford-iiit-pet\images\Abyssinian_6.jpg,Abyssinian,cat,0.9884486794471741,confident,v1,
data\raw\oxford-iiit-pet\images\Abyssinian_60.jpg,Chihuahua,dog,0.7948657274246216,confident,v1,
data\raw\oxford-iiit-pet\images\Abyssinian_61.jpg,Abyssinian,cat,0.9279133081436157,confident,v1,
data\raw\oxford-iiit-pet\images\Abyssinian_62.jpg,Abyssinian,cat,0.5780338048934937,uncertain,v1,
data\raw\oxford-iiit-pet\images\Abyssinian_63.jpg,Abyssinian,cat,0.9644861817359924,confident,v1,
data\raw\oxford-iiit-pet\images\Abyssinian_65.jpg,Abyssinian,cat,0.9947203397750854,confident,v1,
data\raw\oxford-iiit-pet\images\Abyssinian_66.jpg,Abyssinian,cat,0.996712327003479,confident,v1,
data\raw\oxford-iiit-pet\images\Abyssinian_67.jpg,Abyssinian,cat,0.9968044757843018,confident,v1,
data\raw\oxford-iiit-pet\images\Abyssinian_68.jpg,Abyssinian,cat,0.9845709204673767,confident,v1,
data\raw\oxford-iiit-pet\images\Abyssinian_69.jpg,Abyssinian,cat,0.9965617060661316,confident,v1,
data\raw\oxford-iiit-pet\images\Abyssinian_7.jpg,Abyssinian,cat,0.9825904965400696,confident,v1,
data\raw\oxford-iiit-pet\images\Abyssinian_70.jpg,Abyssinian,cat,0.760687530040741,uncertain,v1,
data\raw\oxford-iiit-pet\images\Abyssinian_71.jpg,Abyssinian,cat,0.9912885427474976,confident,v1,
data\raw\oxford-iiit-pet\images\Abyssinian_72.jpg,Abyssinian,cat,0.9732049107551575,confident,v1,
data\raw\oxford-iiit-pet\images\Abyssinian_73.jpg,Abyssinian,cat,0.9908113479614258,confident,v1,
data\raw\oxford-iiit-pet\images\Abyssinian_74.jpg,Abyssinian,cat,0.9949312806129456,confident,v1,
data\raw\oxford-iiit-pet\images\Abyssinian_75.jpg,Abyssinian,cat,0.9845699667930603,confident,v1,
data\raw\oxford-iiit-pet\images\Abyssinian_76.jpg,Abyssinian,cat,0.9303988218307495,confident,v1,
data\raw\oxford-iiit-pet\images\Abyssinian_77.jpg,Abyssinian,cat,0.8699088096618652,confident,v1,
data\raw\oxford-iiit-pet\images\Abyssinian_78.jpg,Abyssinian,cat,0.9890580773353577,confident,v1,
data\raw\oxford-iiit-pet\images\Abyssinian_79.jpg,Abyssinian,cat,0.9813405275344849,confident,v1,
data\raw\oxford-iiit-pet\images\Abyssinian_8.jpg,Abyssinian,cat,0.8097130656242371,confident,v1,
data\raw\oxford-iiit-pet\images\Abyssinian_80.jpg,Abyssinian,cat,0.988980770111084,confident,v1,
data\raw\oxford-iiit-pet\images\Abyssinian_81.jpg,Abyssinian,cat,0.9966073036193848,confident,v1,
data\raw\oxford-iiit-pet\images\Abyssinian_82.jpg,Abyssinian,cat,0.987151026725769,confident,v1,
data\raw\oxford-iiit-pet\images\Abyssinian_83.jpg,Abyssinian,cat,0.9962278604507446,confident,v1,
data\raw\oxford-iiit-pet\images\Abyssinian_84.jpg,Abyssinian,cat,0.9970989227294922,confident,v1,
data\raw\oxford-iiit-pet\images\Abyssinian_85.jpg,Abyssinian,cat,0.9746406078338623,confident,v1,
data\raw\oxford-iiit-pet\images\Abyssinian_86.jpg,Abyssinian,cat,0.9945873022079468,confident,v1,
data\raw\oxford-iiit-pet\images\Abyssinian_87.jpg,Abyssinian,cat,0.9978529214859009,confident,v1,
data\raw\oxford-iiit-pet\images\Abyssinian_88.jpg,Abyssinian,cat,0.9994189739227295,confident,v1,
data\raw\oxford-iiit-pet\images\Abyssinian_89.jpg,Abyssinian,cat,0.9982675313949585,confident,v1,
data\raw\oxford-iiit-pet\images\Abyssinian_9.jpg,Abyssinian,cat,0.9950855374336243,confident,v1,
data\raw\oxford-iiit-pet\images\Abyssinian_90.jpg,Abyssinian,cat,0.9856829047203064,confident,v1,
data\raw\oxford-iiit-pet\images\Abyssinian_91.jpg,Abyssinian,cat,0.9961512684822083,confident,v1,
data\raw\oxford-iiit-pet\images\Abyssinian_92.jpg,Abyssinian,cat,0.9881284832954407,confident,v1,
data\raw\oxford-iiit-pet\images\Abyssinian_93.jpg,Abyssinian,cat,0.9943462014198303,confident,v1,
data\raw\oxford-iiit-pet\images\Abyssinian_94.jpg,Abyssinian,cat,0.5553866028785706,uncertain,v1,
data\raw\oxford-iiit-pet\images\Abyssinian_95.jpg,Abyssinian,cat,0.5500720143318176,uncertain,v1,
data\raw\oxford-iiit-pet\images\Abyssinian_96.jpg,Abyssinian,cat,0.9962618947029114,confident,v1,
data\raw\oxford-iiit-pet\images\Abyssinian_97.jpg,Abyssinian,cat,0.9919084906578064,confident,v1,
data\raw\oxford-iiit-pet\images\Abyssinian_98.jpg,Abyssinian,cat,0.9856523275375366,confident,v1,
data\raw\oxford-iiit-pet\images\Abyssinian_99.jpg,Abyssinian,cat,0.9968641400337219,confident,v1,
data\raw\oxford-iiit-pet\images\american_bulldog_10.jpg,American Bulldog,dog,0.999019980430603,confident,v1,
data\raw\oxford-iiit-pet\images\american_bulldog_100.jpg,American Bulldog,dog,0.9231361150741577,confident,v1,
data\raw\oxford-iiit-pet\images\american_bulldog_101.jpg,Staffordshire Bull Terrier,dog,0.7052143216133118,uncertain,v1,
data\raw\oxford-iiit-pet\images\american_bulldog_102.jpg,American Bulldog,dog,0.9607162475585938,confident,v1,
data\raw\oxford-iiit-pet\images\american_bulldog_103.jpg,American Bulldog,dog,0.9322019219398499,confident,v1,
data\raw\oxford-iiit-pet\images\american_bulldog_104.jpg,Staffordshire Bull Terrier,dog,0.9691386222839355,confident,v1,
data\raw\oxford-iiit-pet\images\american_bulldog_105.jpg,American Bulldog,dog,0.759169340133667,uncertain,v1,
data\raw\oxford-iiit-pet\images\american_bulldog_106.jpg,American Bulldog,dog,0.9561610221862793,confident,v1,
data\raw\oxford-iiit-pet\images\american_bulldog_107.jpg,American Bulldog,dog,0.9976529479026794,confident,v1,
data\raw\oxford-iiit-pet\images\american_bulldog_108.jpg,American Bulldog,dog,0.9696400165557861,confident,v1,
data\raw\oxford-iiit-pet\images\american_bulldog_109.jpg,American Bulldog,dog,0.990840494632721,confident,v1,
data\raw\oxford-iiit-pet\images\american_bulldog_11.jpg,American Bulldog,dog,0.9650498628616333,confident,v1,
data\raw\oxford-iiit-pet\images\american_bulldog_110.jpg,American Bulldog,dog,0.9893416166305542,confident,v1,
data\raw\oxford-iiit-pet\images\american_bulldog_111.jpg,American Bulldog,dog,0.9927302002906799,confident,v1,
data\raw\oxford-iiit-pet\images\american_bulldog_112.jpg,American Bulldog,dog,0.9899218678474426,confident,v1,
data\raw\oxford-iiit-pet\images\american_bulldog_113.jpg,American Bulldog,dog,0.9988827109336853,confident,v1,
data\raw\oxford-iiit-pet\images\american_bulldog_114.jpg,American Bulldog,dog,0.9939675331115723,confident,v1,
data\raw\oxford-iiit-pet\images\american_bulldog_115.jpg,American Bulldog,dog,0.9946302175521851,confident,v1,
data\raw\oxford-iiit-pet\images\american_bulldog_116.jpg,American Bulldog,dog,0.9954738020896912,confident,v1,
data\raw\oxford-iiit-pet\images\american_bulldog_117.jpg,American Bulldog,dog,0.9949559569358826,confident,v1,
data\raw\oxford-iiit-pet\images\american_bulldog_118.jpg,American Bulldog,dog,0.9963639378547668,confident,v1,
data\raw\oxford-iiit-pet\images\american_bulldog_119.jpg,American Bulldog,dog,0.9952883720397949,confident,v1,
data\raw\oxford-iiit-pet\images\american_bulldog_12.jpg,American Bulldog,dog,0.9982538819313049,confident,v1,
data\raw\oxford-iiit-pet\images\american_bulldog_120.jpg,American Bulldog,dog,0.9950857758522034,confident,v1,
data\raw\oxford-iiit-pet\images\american_bulldog_121.jpg,American Bulldog,dog,0.9322589635848999,confident,v1,
data\raw\oxford-iiit-pet\images\american_bulldog_122.jpg,American Bulldog,dog,0.9199737906455994,confident,v1,
data\raw\oxford-iiit-pet\images\american_bulldog_123.jpg,American Bulldog,dog,0.849677562713623,confident,v1,
data\raw\oxford-iiit-pet\images\american_bulldog_124.jpg,American Bulldog,dog,0.9970999956130981,confident,v1,
data\raw\oxford-iiit-pet\images\american_bulldog_125.jpg,American Bulldog,dog,0.9970237612724304,confident,v1,
data\raw\oxford-iiit-pet\images\american_bulldog_126.jpg,American Bulldog,dog,0.9897366762161255,confident,v1,
data\raw\oxford-iiit-pet\images\american_bulldog_127.jpg,American Bulldog,dog,0.8427005410194397,confident,v1,
data\raw\oxford-iiit-pet\images\american_bulldog_128.jpg,American Bulldog,dog,0.9298953413963318,confident,v1,
data\raw\oxford-iiit-pet\images\american_bulldog_129.jpg,American Bulldog,dog,0.9959051609039307,confident,v1,
data\raw\oxford-iiit-pet\images\american_bulldog_13.jpg,American Bulldog,dog,0.9987348914146423,confident,v1,
data\raw\oxford-iiit-pet\images\american_bulldog_130.jpg,American Bulldog,dog,0.9953107237815857,confident,v1,
data\raw\oxford-iiit-pet\images\american_bulldog_131.jpg,American Bulldog,dog,0.9977030158042908,confident,v1,
data\raw\oxford-iiit-pet\images\american_bulldog_132.jpg,American Bulldog,dog,0.999534010887146,confident,v1,
data\raw\oxford-iiit-pet\images\american_bulldog_133.jpg,American Bulldog,dog,0.9810495972633362,confident,v1,
data\raw\oxford-iiit-pet\images\american_bulldog_134.jpg,American Bulldog,dog,0.9296799302101135,confident,v1,
data\raw\oxford-iiit-pet\images\american_bulldog_135.jpg,American Bulldog,dog,0.9873987436294556,confident,v1,
data\raw\oxford-iiit-pet\images\american_bulldog_136.jpg,American Bulldog,dog,0.9958122372627258,confident,v1,
data\raw\oxford-iiit-pet\images\american_bulldog_137.jpg,American Bulldog,dog,0.9910996556282043,confident,v1,
data\raw\oxford-iiit-pet\images\american_bulldog_138.jpg,American Bulldog,dog,0.9971485733985901,confident,v1,
data\raw\oxford-iiit-pet\images\american_bulldog_139.jpg,American Bulldog,dog,0.9797666072845459,confident,v1,
data\raw\oxford-iiit-pet\images\american_bulldog_14.jpg,American Bulldog,dog,0.8496270775794983,confident,v1,
data\raw\oxford-iiit-pet\images\american_bulldog_140.jpg,American Bulldog,dog,0.9956062436103821,confident,v1,
data\raw\oxford-iiit-pet\images\american_bulldog_141.jpg,American Bulldog,dog,0.9931322932243347,confident,v1,
data\raw\oxford-iiit-pet\images\american_bulldog_142.jpg,American Bulldog,dog,0.9952335953712463,confident,v1,
data\raw\oxford-iiit-pet\images\american_bulldog_143.jpg,American Bulldog,dog,0.9980890154838562,confident,v1,
data\raw\oxford-iiit-pet\images\american_bulldog_144.jpg,American Bulldog,dog,0.9969282746315002,confident,v1,
data\raw\oxford-iiit-pet\images\american_bulldog_146.jpg,American Bulldog,dog,0.9964075684547424,confident,v1,
data\raw\oxford-iiit-pet\images\american_bulldog_147.jpg,American Bulldog,dog,0.9737836718559265,confident,v1,
data\raw\oxford-iiit-pet\images\american_bulldog_148.jpg,Beagle,dog,0.902797281742096,confident,v1,
data\raw\oxford-iiit-pet\images\american_bulldog_149.jpg,American Bulldog,dog,0.9573396444320679,confident,v1,
data\raw\oxford-iiit-pet\images\american_bulldog_15.jpg,American Bulldog,dog,0.9788362383842468,confident,v1,
data\raw\oxford-iiit-pet\images\american_bulldog_150.jpg,American Bulldog,dog,0.9847400784492493,confident,v1,
data\raw\oxford-iiit-pet\images\american_bulldog_151.jpg,American Bulldog,dog,0.9926918148994446,confident,v1,
data\raw\oxford-iiit-pet\images\american_bulldog_152.jpg,Boxer,dog,0.5535198450088501,uncertain,v1,
data\raw\oxford-iiit-pet\images\american_bulldog_153.jpg,American Bulldog,dog,0.99605393409729,confident,v1,
data\raw\oxford-iiit-pet\images\american_bulldog_158.jpg,American Bulldog,dog,0.9996351003646851,confident,v1,
data\raw\oxford-iiit-pet\images\american_bulldog_16.jpg,American Bulldog,dog,0.9583759307861328,confident,v1,
data\raw\oxford-iiit-pet\images\american_bulldog_161.jpg,American Bulldog,dog,0.997050404548645,confident,v1,
data\raw\oxford-iiit-pet\images\american_bulldog_164.jpg,American Bulldog,dog,0.9835723042488098,confident,v1,
data\raw\oxford-iiit-pet\images\american_bulldog_166.jpg,American Bulldog,dog,0.9992590546607971,confident,v1,
data\raw\oxford-iiit-pet\images\american_bulldog_167.jpg,American Bulldog,dog,0.9959701299667358,confident,v1,
data\raw\oxford-iiit-pet\images\american_bulldog_168.jpg,American Bulldog,dog,0.9973998069763184,confident,v1,
data\raw\oxford-iiit-pet\images\american_bulldog_169.jpg,American Bulldog,dog,0.9946545362472534,confident,v1,
data\raw\oxford-iiit-pet\images\american_bulldog_171.jpg,American Bulldog,dog,0.9744311571121216,confident,v1,
data\raw\oxford-iiit-pet\images\american_bulldog_172.jpg,American Bulldog,dog,0.9979167580604553,confident,v1,
data\raw\oxford-iiit-pet\images\american_bulldog_173.jpg,American Bulldog,dog,0.9183014035224915,confident,v1,
data\raw\oxford-iiit-pet\images\american_bulldog_174.jpg,American Bulldog,dog,0.9895873069763184,confident,v1,
data\raw\oxford-iiit-pet\images\american_bulldog_175.jpg,American Bulldog,dog,0.9258113503456116,confident,v1,
data\raw\oxford-iiit-pet\images\american_bulldog_176.jpg,American Bulldog,dog,0.9979817867279053,confident,v1,
data\raw\oxford-iiit-pet\images\american_bulldog_177.jpg,American Bulldog,dog,0.9986502528190613,confident,v1,
data\raw\oxford-iiit-pet\images\american_bulldog_178.jpg,American Bulldog,dog,0.9987937211990356,confident,v1,
data\raw\oxford-iiit-pet\images\american_bulldog_179.jpg,American Bulldog,dog,0.999103307723999,confident,v1,
data\raw\oxford-iiit-pet\images\american_bulldog_18.jpg,American Bulldog,dog,0.9969473481178284,confident,v1,
data\raw\oxford-iiit-pet\images\american_bulldog_180.jpg,American Bulldog,dog,0.9939649701118469,confident,v1,
data\raw\oxford-iiit-pet\images\american_bulldog_181.jpg,American Bulldog,dog,0.9981657862663269,confident,v1,
data\raw\oxford-iiit-pet\images\american_bulldog_182.jpg,American Bulldog,dog,0.9851816296577454,confident,v1,
data\raw\oxford-iiit-pet\images\american_bulldog_183.jpg,American Bulldog,dog,0.9685519337654114,confident,v1,
data\raw\oxford-iiit-pet\images\american_bulldog_184.jpg,American Bulldog,dog,0.9988032579421997,confident,v1,
data\raw\oxford-iiit-pet\images\american_bulldog_185.jpg,American Bulldog,dog,0.9985612034797668,confident,v1,
data\raw\oxford-iiit-pet\images\american_bulldog_186.jpg,American Bulldog,dog,0.9834591746330261,confident,v1,
data\raw\oxford-iiit-pet\images\american_bulldog_187.jpg,American Bulldog,dog,0.9923616647720337,confident,v1,
data\raw\oxford-iiit-pet\images\american_bulldog_188.jpg,American Bulldog,dog,0.6745613217353821,uncertain,v1,
data\raw\oxford-iiit-pet\images\american_bulldog_189.jpg,American Bulldog,dog,0.9979789853096008,confident,v1,
data\raw\oxford-iiit-pet\images\american_bulldog_19.jpg,American Bulldog,dog,0.9913061261177063,confident,v1,
data\raw\oxford-iiit-pet\images\american_bulldog_190.jpg,American Bulldog,dog,0.996653139591217,confident,v1,
data\raw\oxford-iiit-pet\images\american_bulldog_191.jpg,American Bulldog,dog,0.9907653331756592,confident,v1,
data\raw\oxford-iiit-pet\images\american_bulldog_192.jpg,American Bulldog,dog,0.9958348274230957,confident,v1,
data\raw\oxford-iiit-pet\images\american_bulldog_193.jpg,American Bulldog,dog,0.9992250204086304,confident,v1,
data\raw\oxford-iiit-pet\images\american_bulldog_194.jpg,American Bulldog,dog,0.9910703897476196,confident,v1,
data\raw\oxford-iiit-pet\images\american_bulldog_196.jpg,American Bulldog,dog,0.9989901185035706,confident,v1,
data\raw\oxford-iiit-pet\images\american_bulldog_197.jpg,American Bulldog,dog,0.9981325268745422,confident,v1,
data\raw\oxford-iiit-pet\images\american_bulldog_198.jpg,American Bulldog,dog,0.9991276860237122,confident,v1,
data\raw\oxford-iiit-pet\images\american_bulldog_199.jpg,American Bulldog,dog,0.999014139175415,confident,v1,
data\raw\oxford-iiit-pet\images\american_bulldog_2.jpg,American Bulldog,dog,0.939378023147583,confident,v1,
data\raw\oxford-iiit-pet\images\american_bulldog_20.jpg,American Bulldog,dog,0.9863514304161072,confident,v1,
data\raw\oxford-iiit-pet\images\american_bulldog_200.jpg,American Bulldog,dog,0.9949432015419006,confident,v1,
data\raw\oxford-iiit-pet\images\american_bulldog_201.jpg,American Bulldog,dog,0.9988753199577332,confident,v1,
data\raw\oxford-iiit-pet\images\american_bulldog_202.jpg,American Bulldog,dog,0.9897204041481018,confident,v1,
data\raw\oxford-iiit-pet\images\american_bulldog_203.jpg,American Bulldog,dog,0.9523063898086548,confident,v1,
data\raw\oxford-iiit-pet\images\american_bulldog_205.jpg,American Bulldog,dog,0.9810321927070618,confident,v1,
data\raw\oxford-iiit-pet\images\american_bulldog_207.jpg,American Bulldog,dog,0.9865638017654419,confident,v1,
data\raw\oxford-iiit-pet\images\american_bulldog_208.jpg,American Bulldog,dog,0.9544538259506226,confident,v1,
data\raw\oxford-iiit-pet\images\american_bulldog_209.jpg,American Bulldog,dog,0.963360071182251,confident,v1,
data\raw\oxford-iiit-pet\images\american_bulldog_21.jpg,American Bulldog,dog,0.9576103091239929,confident,v1,
data\raw\oxford-iiit-pet\images\american_bulldog_211.jpg,American Bulldog,dog,0.9507782459259033,confident,v1,
data\raw\oxford-iiit-pet\images\american_bulldog_212.jpg,American Bulldog,dog,0.9995070695877075,confident,v1,
data\raw\oxford-iiit-pet\images\american_bulldog_214.jpg,American Bulldog,dog,0.7774801254272461,uncertain,v1,
data\raw\oxford-iiit-pet\images\american_bulldog_216.jpg,American Bulldog,dog,0.999351441860199,confident,v1,
data\raw\oxford-iiit-pet\images\american_bulldog_217.jpg,American Bulldog,dog,0.9734284281730652,confident,v1,
data\raw\oxford-iiit-pet\images\american_bulldog_218.jpg,American Bulldog,dog,0.9927586317062378,confident,v1,
data\raw\oxford-iiit-pet\images\american_bulldog_22.jpg,American Bulldog,dog,0.9960598349571228,confident,v1,
data\raw\oxford-iiit-pet\images\american_bulldog_220.jpg,American Bulldog,dog,0.9875330924987793,confident,v1,
data\raw\oxford-iiit-pet\images\american_bulldog_221.jpg,American Bulldog,dog,0.9934216141700745,confident,v1,
data\raw\oxford-iiit-pet\images\american_bulldog_224.jpg,American Bulldog,dog,0.4135965406894684,uncertain,v1,
data\raw\oxford-iiit-pet\images\american_bulldog_23.jpg,American Bulldog,dog,0.8748467564582825,confident,v1,
data\raw\oxford-iiit-pet\images\american_bulldog_24.jpg,American Bulldog,dog,0.9978563189506531,confident,v1,
data\raw\oxford-iiit-pet\images\american_bulldog_25.jpg,American Bulldog,dog,0.9987382292747498,confident,v1,
data\raw\oxford-iiit-pet\images\american_bulldog_26.jpg,American Bulldog,dog,0.9967895150184631,confident,v1,
data\raw\oxford-iiit-pet\images\american_bulldog_27.jpg,American Bulldog,dog,0.8842349648475647,confident,v1,
data\raw\oxford-iiit-pet\images\american_bulldog_28.jpg,American Bulldog,dog,0.8407394886016846,confident,v1,
data\raw\oxford-iiit-pet\images\american_bulldog_29.jpg,American Bulldog,dog,0.9285223484039307,confident,v1,
data\raw\oxford-iiit-pet\images\american_bulldog_3.jpg,American Bulldog,dog,0.9759916067123413,confident,v1,
data\raw\oxford-iiit-pet\images\american_bulldog_30.jpg,American Bulldog,dog,0.7920629382133484,confident,v1,
data\raw\oxford-iiit-pet\images\american_bulldog_31.jpg,American Bulldog,dog,0.9963542222976685,confident,v1,
data\raw\oxford-iiit-pet\images\american_bulldog_32.jpg,American Bulldog,dog,0.9569367170333862,confident,v1,
data\raw\oxford-iiit-pet\images\american_bulldog_33.jpg,American Bulldog,dog,0.9418569803237915,confident,v1,
data\raw\oxford-iiit-pet\images\american_bulldog_34.jpg,American Bulldog,dog,0.9615538120269775,confident,v1,
data\raw\oxford-iiit-pet\images\american_bulldog_35.jpg,Saint Bernard,dog,0.5133917927742004,uncertain,v1,
data\raw\oxford-iiit-pet\images\american_bulldog_36.jpg,American Bulldog,dog,0.9724569320678711,confident,v1,
data\raw\oxford-iiit-pet\images\american_bulldog_37.jpg,American Bulldog,dog,0.9988977909088135,confident,v1,
data\raw\oxford-iiit-pet\images\american_bulldog_38.jpg,American Bulldog,dog,0.9965188503265381,confident,v1,
data\raw\oxford-iiit-pet\images\american_bulldog_39.jpg,American Bulldog,dog,0.9919286966323853,confident,v1,
data\raw\oxford-iiit-pet\images\american_bulldog_40.jpg,American Bulldog,dog,0.9942061901092529,confident,v1,
data\raw\oxford-iiit-pet\images\american_bulldog_41.jpg,American Bulldog,dog,0.8730616569519043,confident,v1,
data\raw\oxford-iiit-pet\images\american_bulldog_42.jpg,American Bulldog,dog,0.9387535452842712,confident,v1,
data\raw\oxford-iiit-pet\images\american_bulldog_43.jpg,American Bulldog,dog,0.9283297061920166,confident,v1,
data\raw\oxford-iiit-pet\images\american_bulldog_44.jpg,American Bulldog,dog,0.9963195323944092,confident,v1,
data\raw\oxford-iiit-pet\images\american_bulldog_45.jpg,American Bulldog,dog,0.9977262616157532,confident,v1,
data\raw\oxford-iiit-pet\images\american_bulldog_46.jpg,American Bulldog,dog,0.9943385720252991,confident,v1,
data\raw\oxford-iiit-pet\images\american_bulldog_47.jpg,American Bulldog,dog,0.9991996884346008,confident,v1,
data\raw\oxford-iiit-pet\images\american_bulldog_48.jpg,American Bulldog,dog,0.7799839973449707,uncertain,v1,
data\raw\oxford-iiit-pet\images\american_bulldog_49.jpg,American Bulldog,dog,0.9773685932159424,confident,v1,
data\raw\oxford-iiit-pet\images\american_bulldog_5.jpg,American Bulldog,dog,0.9908440709114075,confident,v1,
data\raw\oxford-iiit-pet\images\american_bulldog_50.jpg,American Bulldog,dog,0.7521764636039734,uncertain,v1,
data\raw\oxford-iiit-pet\images\american_bulldog_51.jpg,American Bulldog,dog,0.9629391431808472,confident,v1,
data\raw\oxford-iiit-pet\images\american_bulldog_52.jpg,American Bulldog,dog,0.5212621092796326,uncertain,v1,
data\raw\oxford-iiit-pet\images\american_bulldog_53.jpg,American Bulldog,dog,0.9908877611160278,confident,v1,
data\raw\oxford-iiit-pet\images\american_bulldog_54.jpg,Boxer,dog,0.9624395966529846,confident,v1,
data\raw\oxford-iiit-pet\images\american_bulldog_55.jpg,American Bulldog,dog,0.9946426153182983,confident,v1,
data\raw\oxford-iiit-pet\images\american_bulldog_56.jpg,American Bulldog,dog,0.9928025603294373,confident,v1,
data\raw\oxford-iiit-pet\images\american_bulldog_57.jpg,American Bulldog,dog,0.9720108509063721,confident,v1,
data\raw\oxford-iiit-pet\images\american_bulldog_58.jpg,American Bulldog,dog,0.9974722266197205,confident,v1,
data\raw\oxford-iiit-pet\images\american_bulldog_59.jpg,American Bulldog,dog,0.9812930226325989,confident,v1,
data\raw\oxford-iiit-pet\images\american_bulldog_6.jpg,American Bulldog,dog,0.9507545232772827,confident,v1,
data\raw\oxford-iiit-pet\images\american_bulldog_60.jpg,American Bulldog,dog,0.99826979637146,confident,v1,
data\raw\oxford-iiit-pet\images\american_bulldog_61.jpg,American Bulldog,dog,0.9863178730010986,confident,v1,
data\raw\oxford-iiit-pet\images\american_bulldog_62.jpg,Beagle,dog,0.7262213230133057,uncertain,v1,
data\raw\oxford-iiit-pet\images\american_bulldog_63.jpg,American Bulldog,dog,0.9926719665527344,confident,v1,
data\raw\oxford-iiit-pet\images\american_bulldog_64.jpg,American Bulldog,dog,0.9936591982841492,confident,v1,
data\raw\oxford-iiit-pet\images\american_bulldog_65.jpg,American Bulldog,dog,0.8637291193008423,confident,v1,
data\raw\oxford-iiit-pet\images\american_bulldog_66.jpg,American Bulldog,dog,0.9717549085617065,confident,v1,
data\raw\oxford-iiit-pet\images\american_bulldog_67.jpg,American Bulldog,dog,0.6579697728157043,uncertain,v1,
data\raw\oxford-iiit-pet\images\american_bulldog_68.jpg,American Bulldog,dog,0.38603436946868896,uncertain,v1,
data\raw\oxford-iiit-pet\images\american_bulldog_69.jpg,Boxer,dog,0.7494320869445801,uncertain,v1,
data\raw\oxford-iiit-pet\images\american_bulldog_7.jpg,American Bulldog,dog,0.983972430229187,confident,v1,
data\raw\oxford-iiit-pet\images\american_bulldog_70.jpg,American Bulldog,dog,0.9757124781608582,confident,v1,
data\raw\oxford-iiit-pet\images\american_bulldog_71.jpg,American Bulldog,dog,0.9935238361358643,confident,v1,
data\raw\oxford-iiit-pet\images\american_bulldog_72.jpg,American Bulldog,dog,0.9753909707069397,confident,v1,
data\raw\oxford-iiit-pet\images\american_bulldog_73.jpg,American Bulldog,dog,0.9970422387123108,confident,v1,
data\raw\oxford-iiit-pet\images\american_bulldog_74.jpg,American Bulldog,dog,0.9944571256637573,confident,v1,
data\raw\oxford-iiit-pet\images\american_bulldog_75.jpg,American Pit Bull Terrier,dog,0.37000882625579834,uncertain,v1,
data\raw\oxford-iiit-pet\images\american_bulldog_76.jpg,American Bulldog,dog,0.9550886154174805,confident,v1,
data\raw\oxford-iiit-pet\images\american_bulldog_77.jpg,American Bulldog,dog,0.9942763447761536,confident,v1,
data\raw\oxford-iiit-pet\images\american_bulldog_78.jpg,American Bulldog,dog,0.9929643869400024,confident,v1,
data\raw\oxford-iiit-pet\images\american_bulldog_79.jpg,American Bulldog,dog,0.9939587116241455,confident,v1,
data\raw\oxford-iiit-pet\images\american_bulldog_8.jpg,American Bulldog,dog,0.9865660071372986,confident,v1,
data\raw\oxford-iiit-pet\images\american_bulldog_80.jpg,American Bulldog,dog,0.984485387802124,confident,v1,
data\raw\oxford-iiit-pet\images\american_bulldog_81.jpg,American Bulldog,dog,0.8160708546638489,confident,v1,
data\raw\oxford-iiit-pet\images\american_bulldog_82.jpg,American Bulldog,dog,0.8940786719322205,confident,v1,
data\raw\oxford-iiit-pet\images\american_bulldog_83.jpg,American Bulldog,dog,0.9132141470909119,confident,v1,
data\raw\oxford-iiit-pet\images\american_bulldog_84.jpg,American Bulldog,dog,0.9965347051620483,confident,v1,
data\raw\oxford-iiit-pet\images\american_bulldog_85.jpg,American Bulldog,dog,0.9897335171699524,confident,v1,
data\raw\oxford-iiit-pet\images\american_bulldog_86.jpg,American Bulldog,dog,0.913649320602417,confident,v1,
data\raw\oxford-iiit-pet\images\american_bulldog_87.jpg,American Bulldog,dog,0.9769220352172852,confident,v1,
data\raw\oxford-iiit-pet\images\american_bulldog_89.jpg,American Bulldog,dog,0.9787461161613464,confident,v1,
data\raw\oxford-iiit-pet\images\american_bulldog_9.jpg,American Bulldog,dog,0.9992826581001282,confident,v1,
data\raw\oxford-iiit-pet\images\american_bulldog_90.jpg,American Bulldog,dog,0.9945138692855835,confident,v1,
data\raw\oxford-iiit-pet\images\american_bulldog_91.jpg,Staffordshire Bull Terrier,dog,0.8984109163284302,confident,v1,
data\raw\oxford-iiit-pet\images\american_bulldog_92.jpg,American Bulldog,dog,0.9984592199325562,confident,v1,
data\raw\oxford-iiit-pet\images\american_bulldog_93.jpg,American Bulldog,dog,0.997657060623169,confident,v1,
data\raw\oxford-iiit-pet\images\american_bulldog_94.jpg,American Bulldog,dog,0.995484471321106,confident,v1,
data\raw\oxford-iiit-pet\images\american_bulldog_95.jpg,American Bulldog,dog,0.7533292770385742,uncertain,v1,
data\raw\oxford-iiit-pet\images\american_bulldog_96.jpg,Staffordshire Bull Terrier,dog,0.5585038065910339,uncertain,v1,
data\raw\oxford-iiit-pet\images\american_bulldog_97.jpg,American Bulldog,dog,0.9423959851264954,confident,v1,
data\raw\oxford-iiit-pet\images\american_bulldog_98.jpg,American Bulldog,dog,0.9888600707054138,confident,v1,
data\raw\oxford-iiit-pet\images\american_bulldog_99.jpg,American Bulldog,dog,0.9894458651542664,confident,v1,
data\raw\oxford-iiit-pet\images\american_pit_bull_terrier_1.jpg,Staffordshire Bull Terrier,dog,0.9510155916213989,confident,v1,
data\raw\oxford-iiit-pet\images\american_pit_bull_terrier_10.jpg,American Pit Bull Terrier,dog,0.9815350770950317,confident,v1,
data\raw\oxford-iiit-pet\images\american_pit_bull_terrier_100.jpg,American Pit Bull Terrier,dog,0.9317180514335632,confident,v1,
data\raw\oxford-iiit-pet\images\american_pit_bull_terrier_101.jpg,American Pit Bull Terrier,dog,0.9741148948669434,confident,v1,
data\raw\oxford-iiit-pet\images\american_pit_bull_terrier_102.jpg,American Pit Bull Terrier,dog,0.9999221563339233,confident,v1,
data\raw\oxford-iiit-pet\images\american_pit_bull_terrier_103.jpg,American Pit Bull Terrier,dog,0.9981753826141357,confident,v1,
data\raw\oxford-iiit-pet\images\american_pit_bull_terrier_104.jpg,American Pit Bull Terrier,dog,0.9880791306495667,confident,v1,
data\raw\oxford-iiit-pet\images\american_pit_bull_terrier_105.jpg,American Pit Bull Terrier,dog,0.9897276759147644,confident,v1,
data\raw\oxford-iiit-pet\images\american_pit_bull_terrier_106.jpg,American Pit Bull Terrier,dog,0.995416522026062,confident,v1,
data\raw\oxford-iiit-pet\images\american_pit_bull_terrier_107.jpg,American Pit Bull Terrier,dog,0.998217761516571,confident,v1,
data\raw\oxford-iiit-pet\images\american_pit_bull_terrier_108.jpg,American Pit Bull Terrier,dog,0.9861190319061279,confident,v1,
data\raw\oxford-iiit-pet\images\american_pit_bull_terrier_109.jpg,American Pit Bull Terrier,dog,0.9991186261177063,confident,v1,
data\raw\oxford-iiit-pet\images\american_pit_bull_terrier_11.jpg,American Pit Bull Terrier,dog,0.9397469758987427,confident,v1,
data\raw\oxford-iiit-pet\images\american_pit_bull_terrier_110.jpg,American Pit Bull Terrier,dog,0.9970730543136597,confident,v1,
data\raw\oxford-iiit-pet\images\american_pit_bull_terrier_111.jpg,American Pit Bull Terrier,dog,0.9977136850357056,confident,v1,
data\raw\oxford-iiit-pet\images\american_pit_bull_terrier_112.jpg,American Pit Bull Terrier,dog,0.9992905855178833,confident,v1,
data\raw\oxford-iiit-pet\images\american_pit_bull_terrier_113.jpg,American Pit Bull Terrier,dog,0.9997041821479797,confident,v1,
data\raw\oxford-iiit-pet\images\american_pit_bull_terrier_114.jpg,American Pit Bull Terrier,dog,0.9950392842292786,confident,v1,
data\raw\oxford-iiit-pet\images\american_pit_bull_terrier_115.jpg,American Pit Bull Terrier,dog,0.9998711347579956,confident,v1,
data\raw\oxford-iiit-pet\images\american_pit_bull_terrier_116.jpg,American Pit Bull Terrier,dog,0.903989851474762,confident,v1,
data\raw\oxford-iiit-pet\images\american_pit_bull_terrier_117.jpg,American Pit Bull Terrier,dog,0.997977077960968,confident,v1,
data\raw\oxford-iiit-pet\images\american_pit_bull_terrier_118.jpg,American Pit Bull Terrier,dog,0.9974430799484253,confident,v1,
data\raw\oxford-iiit-pet\images\american_pit_bull_terrier_119.jpg,American Pit Bull Terrier,dog,0.9915313720703125,confident,v1,
data\raw\oxford-iiit-pet\images\american_pit_bull_terrier_12.jpg,American Pit Bull Terrier,dog,0.9931558966636658,confident,v1,
data\raw\oxford-iiit-pet\images\american_pit_bull_terrier_120.jpg,American Pit Bull Terrier,dog,0.9568012952804565,confident,v1,
data\raw\oxford-iiit-pet\images\american_pit_bull_terrier_121.jpg,American Pit Bull Terrier,dog,0.9948310256004333,confident,v1,
data\raw\oxford-iiit-pet\images\american_pit_bull_terrier_122.jpg,American Pit Bull Terrier,dog,0.9972810745239258,confident,v1,
data\raw\oxford-iiit-pet\images\american_pit_bull_terrier_123.jpg,American Pit Bull Terrier,dog,0.9997264742851257,confident,v1,
data\raw\oxford-iiit-pet\images\american_pit_bull_terrier_124.jpg,American Pit Bull Terrier,dog,0.9999150037765503,confident,v1,
data\raw\oxford-iiit-pet\images\american_pit_bull_terrier_125.jpg,American Pit Bull Terrier,dog,0.9972471594810486,confident,v1,
data\raw\oxford-iiit-pet\images\american_pit_bull_terrier_126.jpg,American Pit Bull Terrier,dog,0.9990715980529785,confident,v1,
data\raw\oxford-iiit-pet\images\american_pit_bull_terrier_127.jpg,American Pit Bull Terrier,dog,0.9999440908432007,confident,v1,
data\raw\oxford-iiit-pet\images\american_pit_bull_terrier_128.jpg,American Pit Bull Terrier,dog,0.9997192025184631,confident,v1,
data\raw\oxford-iiit-pet\images\american_pit_bull_terrier_129.jpg,American Pit Bull Terrier,dog,0.998754620552063,confident,v1,
data\raw\oxford-iiit-pet\images\american_pit_bull_terrier_13.jpg,American Bulldog,dog,0.5200471878051758,uncertain,v1,
data\raw\oxford-iiit-pet\images\american_pit_bull_terrier_130.jpg,American Pit Bull Terrier,dog,0.9983431100845337,confident,v1,
data\raw\oxford-iiit-pet\images\american_pit_bull_terrier_131.jpg,American Pit Bull Terrier,dog,0.9939908385276794,confident,v1,
data\raw\oxford-iiit-pet\images\american_pit_bull_terrier_132.jpg,American Pit Bull Terrier,dog,0.9995649456977844,confident,v1,
data\raw\oxford-iiit-pet\images\american_pit_bull_terrier_133.jpg,American Pit Bull Terrier,dog,0.9999513626098633,confident,v1,
data\raw\oxford-iiit-pet\images\american_pit_bull_terrier_134.jpg,American Pit Bull Terrier,dog,0.988734781742096,confident,v1,
data\raw\oxford-iiit-pet\images\american_pit_bull_terrier_135.jpg,American Pit Bull Terrier,dog,0.9956633448600769,confident,v1,
data\raw\oxford-iiit-pet\images\american_pit_bull_terrier_136.jpg,American Pit Bull Terrier,dog,0.9999282360076904,confident,v1,
data\raw\oxford-iiit-pet\images\american_pit_bull_terrier_137.jpg,American Pit Bull Terrier,dog,0.9986109733581543,confident,v1,
data\raw\oxford-iiit-pet\images\american_pit_bull_terrier_138.jpg,American Pit Bull Terrier,dog,0.9999146461486816,confident,v1,
data\raw\oxford-iiit-pet\images\american_pit_bull_terrier_139.jpg,American Pit Bull Terrier,dog,0.9993351101875305,confident,v1,
data\raw\oxford-iiit-pet\images\american_pit_bull_terrier_14.jpg,American Pit Bull Terrier,dog,0.9883989095687866,confident,v1,
data\raw\oxford-iiit-pet\images\american_pit_bull_terrier_140.jpg,American Pit Bull Terrier,dog,0.9996283054351807,confident,v1,
data\raw\oxford-iiit-pet\images\american_pit_bull_terrier_141.jpg,American Pit Bull Terrier,dog,0.9989607334136963,confident,v1,
data\raw\oxford-iiit-pet\images\american_pit_bull_terrier_142.jpg,American Pit Bull Terrier,dog,0.9998756647109985,confident,v1,
data\raw\oxford-iiit-pet\images\american_pit_bull_terrier_143.jpg,American Pit Bull Terrier,dog,0.9993733763694763,confident,v1,
data\raw\oxford-iiit-pet\images\american_pit_bull_terrier_144.jpg,American Pit Bull Terrier,dog,0.9692967534065247,confident,v1,
data\raw\oxford-iiit-pet\images\american_pit_bull_terrier_145.jpg,American Pit Bull Terrier,dog,0.9996851682662964,confident,v1,
data\raw\oxford-iiit-pet\images\american_pit_bull_terrier_146.jpg,American Pit Bull Terrier,dog,0.9967443943023682,confident,v1,
data\raw\oxford-iiit-pet\images\american_pit_bull_terrier_147.jpg,American Pit Bull Terrier,dog,0.999505877494812,confident,v1,
data\raw\oxford-iiit-pet\images\american_pit_bull_terrier_148.jpg,American Pit Bull Terrier,dog,0.9995238780975342,confident,v1,
data\raw\oxford-iiit-pet\images\american_pit_bull_terrier_149.jpg,American Pit Bull Terrier,dog,0.9972549080848694,confident,v1,
data\raw\oxford-iiit-pet\images\american_pit_bull_terrier_15.jpg,American Pit Bull Terrier,dog,0.9976775050163269,confident,v1,
data\raw\oxford-iiit-pet\images\american_pit_bull_terrier_150.jpg,American Pit Bull Terrier,dog,0.9951764345169067,confident,v1,
data\raw\oxford-iiit-pet\images\american_pit_bull_terrier_151.jpg,American Pit Bull Terrier,dog,0.9996283054351807,confident,v1,
data\raw\oxford-iiit-pet\images\american_pit_bull_terrier_152.jpg,American Pit Bull Terrier,dog,0.9962840676307678,confident,v1,
data\raw\oxford-iiit-pet\images\american_pit_bull_terrier_153.jpg,American Pit Bull Terrier,dog,0.9980269074440002,confident,v1,
data\raw\oxford-iiit-pet\images\american_pit_bull_terrier_154.jpg,American Pit Bull Terrier,dog,0.9972885847091675,confident,v1,
data\raw\oxford-iiit-pet\images\american_pit_bull_terrier_155.jpg,American Pit Bull Terrier,dog,0.9982709884643555,confident,v1,
data\raw\oxford-iiit-pet\images\american_pit_bull_terrier_156.jpg,American Pit Bull Terrier,dog,0.9996823072433472,confident,v1,
data\raw\oxford-iiit-pet\images\american_pit_bull_terrier_157.jpg,American Pit Bull Terrier,dog,0.9855124354362488,confident,v1,
data\raw\oxford-iiit-pet\images\american_pit_bull_terrier_158.jpg,American Pit Bull Terrier,dog,0.9994528889656067,confident,v1,
data\raw\oxford-iiit-pet\images\american_pit_bull_terrier_159.jpg,American Pit Bull Terrier,dog,0.9997273087501526,confident,v1,
data\raw\oxford-iiit-pet\images\american_pit_bull_terrier_16.jpg,American Pit Bull Terrier,dog,0.995461642742157,confident,v1,
data\raw\oxford-iiit-pet\images\american_pit_bull_terrier_160.jpg,American Pit Bull Terrier,dog,0.9979152083396912,confident,v1,
data\raw\oxford-iiit-pet\images\american_pit_bull_terrier_161.jpg,American Pit Bull Terrier,dog,0.9950354099273682,confident,v1,
data\raw\oxford-iiit-pet\images\american_pit_bull_terrier_162.jpg,American Pit Bull Terrier,dog,0.9995924830436707,confident,v1,
data\raw\oxford-iiit-pet\images\american_pit_bull_terrier_163.jpg,American Pit Bull Terrier,dog,0.9986652135848999,confident,v1,
data\raw\oxford-iiit-pet\images\american_pit_bull_terrier_164.jpg,American Pit Bull Terrier,dog,0.9999154806137085,confident,v1,
data\raw\oxford-iiit-pet\images\american_pit_bull_terrier_165.jpg,American Pit Bull Terrier,dog,0.9961439371109009,confident,v1,
data\raw\oxford-iiit-pet\images\american_pit_bull_terrier_166.jpg,American Pit Bull Terrier,dog,0.9459073543548584,confident,v1,
data\raw\oxford-iiit-pet\images\american_pit_bull_terrier_167.jpg,Chihuahua,dog,0.5187712907791138,uncertain,v1,
data\raw\oxford-iiit-pet\images\american_pit_bull_terrier_168.jpg,American Pit Bull Terrier,dog,0.9987888932228088,confident,v1,
data\raw\oxford-iiit-pet\images\american_pit_bull_terrier_169.jpg,American Pit Bull Terrier,dog,0.9971451163291931,confident,v1,
data\raw\oxford-iiit-pet\images\american_pit_bull_terrier_17.jpg,American Pit Bull Terrier,dog,0.6686253547668457,uncertain,v1,
data\raw\oxford-iiit-pet\images\american_pit_bull_terrier_170.jpg,American Pit Bull Terrier,dog,0.9997344613075256,confident,v1,
data\raw\oxford-iiit-pet\images\american_pit_bull_terrier_171.jpg,American Pit Bull Terrier,dog,0.9848531484603882,confident,v1,
data\raw\oxford-iiit-pet\images\american_pit_bull_terrier_172.jpg,American Pit Bull Terrier,dog,0.9895988702774048,confident,v1,
data\raw\oxford-iiit-pet\images\american_pit_bull_terrier_173.jpg,American Pit Bull Terrier,dog,0.9969543218612671,confident,v1,
data\raw\oxford-iiit-pet\images\american_pit_bull_terrier_174.jpg,American Pit Bull Terrier,dog,0.9998360872268677,confident,v1,
data\raw\oxford-iiit-pet\images\american_pit_bull_terrier_175.jpg,American Pit Bull Terrier,dog,0.9996800422668457,confident,v1,
data\raw\oxford-iiit-pet\images\american_pit_bull_terrier_176.jpg,American Pit Bull Terrier,dog,0.9989126920700073,confident,v1,
data\raw\oxford-iiit-pet\images\american_pit_bull_terrier_177.jpg,American Pit Bull Terrier,dog,0.9991269707679749,confident,v1,
data\raw\oxford-iiit-pet\images\american_pit_bull_terrier_178.jpg,American Pit Bull Terrier,dog,0.9825193881988525,confident,v1,
data\raw\oxford-iiit-pet\images\american_pit_bull_terrier_179.jpg,American Pit Bull Terrier,dog,0.9999125003814697,confident,v1,
data\raw\oxford-iiit-pet\images\american_pit_bull_terrier_18.jpg,American Pit Bull Terrier,dog,0.9980261921882629,confident,v1,
data\raw\oxford-iiit-pet\images\american_pit_bull_terrier_180.jpg,American Pit Bull Terrier,dog,0.9762553572654724,confident,v1,
data\raw\oxford-iiit-pet\images\american_pit_bull_terrier_181.jpg,American Pit Bull Terrier,dog,0.9988835453987122,confident,v1,
data\raw\oxford-iiit-pet\images\american_pit_bull_terrier_182.jpg,American Pit Bull Terrier,dog,0.9998043179512024,confident,v1,
data\raw\oxford-iiit-pet\images\american_pit_bull_terrier_183.jpg,American Pit Bull Terrier,dog,0.9999090433120728,confident,v1,
data\raw\oxford-iiit-pet\images\american_pit_bull_terrier_184.jpg,American Pit Bull Terrier,dog,0.9982802867889404,confident,v1,
data\raw\oxford-iiit-pet\images\american_pit_bull_terrier_185.jpg,American Pit Bull Terrier,dog,0.999421238899231,confident,v1,
data\raw\oxford-iiit-pet\images\american_pit_bull_terrier_186.jpg,American Pit Bull Terrier,dog,0.9994497895240784,confident,v1,
data\raw\oxford-iiit-pet\images\american_pit_bull_terrier_187.jpg,American Pit Bull Terrier,dog,0.9905271530151367,confident,v1,
data\raw\oxford-iiit-pet\images\american_pit_bull_terrier_188.jpg,American Pit Bull Terrier,dog,0.9963807463645935,confident,v1,
data\raw\oxford-iiit-pet\images\american_pit_bull_terrier_189.jpg,American Pit Bull Terrier,dog,0.9886425137519836,confident,v1,
data\raw\oxford-iiit-pet\images\american_pit_bull_terrier_19.jpg,American Pit Bull Terrier,dog,0.978600800037384,confident,v1,
data\raw\oxford-iiit-pet\images\american_pit_bull_terrier_190.jpg,American Pit Bull Terrier,dog,0.9988616704940796,confident,v1,
data\raw\oxford-iiit-pet\images\american_pit_bull_terrier_191.jpg,American Pit Bull Terrier,dog,0.3656035363674164,uncertain,v1,
data\raw\oxford-iiit-pet\images\american_pit_bull_terrier_192.jpg,American Pit Bull Terrier,dog,0.9995604157447815,confident,v1,
data\raw\oxford-iiit-pet\images\american_pit_bull_terrier_193.jpg,American Pit Bull Terrier,dog,0.9991865754127502,confident,v1,
data\raw\oxford-iiit-pet\images\american_pit_bull_terrier_194.jpg,American Pit Bull Terrier,dog,0.9971108436584473,confident,v1,
data\raw\oxford-iiit-pet\images\american_pit_bull_terrier_195.jpg,American Pit Bull Terrier,dog,0.9965008497238159,confident,v1,
data\raw\oxford-iiit-pet\images\american_pit_bull_terrier_196.jpg,American Pit Bull Terrier,dog,0.9997243285179138,confident,v1,
data\raw\oxford-iiit-pet\images\american_pit_bull_terrier_197.jpg,American Pit Bull Terrier,dog,0.8788242936134338,confident,v1,
data\raw\oxford-iiit-pet\images\american_pit_bull_terrier_198.jpg,American Pit Bull Terrier,dog,0.9973951578140259,confident,v1,
data\raw\oxford-iiit-pet\images\american_pit_bull_terrier_199.jpg,American Pit Bull Terrier,dog,0.9999421834945679,confident,v1,
data\raw\oxford-iiit-pet\images\american_pit_bull_terrier_2.jpg,Staffordshire Bull Terrier,dog,0.8401206731796265,confident,v1,
data\raw\oxford-iiit-pet\images\american_pit_bull_terrier_20.jpg,American Pit Bull Terrier,dog,0.5827776789665222,uncertain,v1,
data\raw\oxford-iiit-pet\images\american_pit_bull_terrier_200.jpg,American Pit Bull Terrier,dog,0.9911133646965027,confident,v1,
data\raw\oxford-iiit-pet\images\american_pit_bull_terrier_201.jpg,American Pit Bull Terrier,dog,0.9995881915092468,confident,v1,
data\raw\oxford-iiit-pet\images\american_pit_bull_terrier_202.jpg,American Pit Bull Terrier,dog,0.9975897073745728,confident,v1,
data\raw\oxford-iiit-pet\images\american_pit_bull_terrier_203.jpg,American Pit Bull Terrier,dog,0.997626006603241,confident,v1,
data\raw\oxford-iiit-pet\images\american_pit_bull_terrier_204.jpg,American Pit Bull Terrier,dog,0.9919524788856506,confident,v1,
data\raw\oxford-iiit-pet\images\american_pit_bull_terrier_21.jpg,Boxer,dog,0.7437292337417603,uncertain,v1,
data\raw\oxford-iiit-pet\images\american_pit_bull_terrier_22.jpg,American Pit Bull Terrier,dog,0.4025406837463379,uncertain,v1,
data\raw\oxford-iiit-pet\images\american_pit_bull_terrier_23.jpg,American Bulldog,dog,0.40901145339012146,uncertain,v1,
data\raw\oxford-iiit-pet\images\american_pit_bull_terrier_24.jpg,American Pit Bull Terrier,dog,0.8907029032707214,confident,v1,
data\raw\oxford-iiit-pet\images\american_pit_bull_terrier_25.jpg,American Pit Bull Terrier,dog,0.9268516302108765,confident,v1,
data\raw\oxford-iiit-pet\images\american_pit_bull_terrier_26.jpg,Staffordshire Bull Terrier,dog,0.7704175710678101,uncertain,v1,
data\raw\oxford-iiit-pet\images\american_pit_bull_terrier_27.jpg,American Bulldog,dog,0.5939125418663025,uncertain,v1,
data\raw\oxford-iiit-pet\images\american_pit_bull_terrier_28.jpg,American Bulldog,dog,0.987827479839325,confident,v1,
data\raw\oxford-iiit-pet\images\american_pit_bull_terrier_29.jpg,American Pit Bull Terrier,dog,0.9440162777900696,confident,v1,
data\raw\oxford-iiit-pet\images\american_pit_bull_terrier_30.jpg,Staffordshire Bull Terrier,dog,0.8798356056213379,confident,v1,
data\raw\oxford-iiit-pet\images\american_pit_bull_terrier_31.jpg,Staffordshire Bull Terrier,dog,0.5554560422897339,uncertain,v1,
data\raw\oxford-iiit-pet\images\american_pit_bull_terrier_32.jpg,Staffordshire Bull Terrier,dog,0.842218279838562,confident,v1,
data\raw\oxford-iiit-pet\images\american_pit_bull_terrier_33.jpg,Staffordshire Bull Terrier,dog,0.6339421272277832,uncertain,v1,
data\raw\oxford-iiit-pet\images\american_pit_bull_terrier_35.jpg,American Pit Bull Terrier,dog,0.9709767699241638,confident,v1,
data\raw\oxford-iiit-pet\images\american_pit_bull_terrier_36.jpg,German Shorthaired,dog,0.6781092286109924,uncertain,v1,
data\raw\oxford-iiit-pet\images\american_pit_bull_terrier_37.jpg,American Pit Bull Terrier,dog,0.953891396522522,confident,v1,
data\raw\oxford-iiit-pet\images\american_pit_bull_terrier_38.jpg,Staffordshire Bull Terrier,dog,0.9142717719078064,confident,v1,
data\raw\oxford-iiit-pet\images\american_pit_bull_terrier_39.jpg,American Pit Bull Terrier,dog,0.9932827949523926,confident,v1,
data\raw\oxford-iiit-pet\images\american_pit_bull_terrier_4.jpg,Staffordshire Bull Terrier,dog,0.6125737428665161,uncertain,v1,
data\raw\oxford-iiit-pet\images\american_pit_bull_terrier_40.jpg,American Bulldog,dog,0.997081458568573,confident,v1,
data\raw\oxford-iiit-pet\images\american_pit_bull_terrier_41.jpg,American Pit Bull Terrier,dog,0.6745268106460571,uncertain,v1,
data\raw\oxford-iiit-pet\images\american_pit_bull_terrier_42.jpg,American Bulldog,dog,0.5096213817596436,uncertain,v1,
data\raw\oxford-iiit-pet\images\american_pit_bull_terrier_43.jpg,Staffordshire Bull Terrier,dog,0.5171796679496765,uncertain,v1,
data\raw\oxford-iiit-pet\images\american_pit_bull_terrier_44.jpg,American Bulldog,dog,0.5516327619552612,uncertain,v1,
data\raw\oxford-iiit-pet\images\american_pit_bull_terrier_45.jpg,Staffordshire Bull Terrier,dog,0.6927218437194824,uncertain,v1,
data\raw\oxford-iiit-pet\images\american_pit_bull_terrier_46.jpg,Staffordshire Bull Terrier,dog,0.6814169883728027,uncertain,v1,
data\raw\oxford-iiit-pet\images\american_pit_bull_terrier_47.jpg,American Pit Bull Terrier,dog,0.9718493223190308,confident,v1,
data\raw\oxford-iiit-pet\images\american_pit_bull_terrier_48.jpg,American Pit Bull Terrier,dog,0.8221057653427124,confident,v1,
data\raw\oxford-iiit-pet\images\american_pit_bull_terrier_49.jpg,Boxer,dog,0.6189559102058411,uncertain,v1,
data\raw\oxford-iiit-pet\images\american_pit_bull_terrier_5.jpg,American Pit Bull Terrier,dog,0.5508869290351868,uncertain,v1,
data\raw\oxford-iiit-pet\images\american_pit_bull_terrier_50.jpg,Staffordshire Bull Terrier,dog,0.503053605556488,uncertain,v1,
data\raw\oxford-iiit-pet\images\american_pit_bull_terrier_51.jpg,American Pit Bull Terrier,dog,0.9268677234649658,confident,v1,
data\raw\oxford-iiit-pet\images\american_pit_bull_terrier_52.jpg,American Pit Bull Terrier,dog,0.9564259052276611,confident,v1,
data\raw\oxford-iiit-pet\images\american_pit_bull_terrier_53.jpg,Staffordshire Bull Terrier,dog,0.9903910160064697,confident,v1,
data\raw\oxford-iiit-pet\images\american_pit_bull_terrier_54.jpg,Staffordshire Bull Terrier,dog,0.8175683617591858,confident,v1,
data\raw\oxford-iiit-pet\images\american_pit_bull_terrier_55.jpg,Staffordshire Bull Terrier,dog,0.7667869925498962,uncertain,v1,
data\raw\oxford-iiit-pet\images\american_pit_bull_terrier_56.jpg,American Pit Bull Terrier,dog,0.6206182837486267,uncertain,v1,
data\raw\oxford-iiit-pet\images\american_pit_bull_terrier_57.jpg,American Pit Bull Terrier,dog,0.8842534422874451,confident,v1,
data\raw\oxford-iiit-pet\images\american_pit_bull_terrier_58.jpg,American Pit Bull Terrier,dog,0.9954391121864319,confident,v1,
data\raw\oxford-iiit-pet\images\american_pit_bull_terrier_59.jpg,American Pit Bull Terrier,dog,0.9973750114440918,confident,v1,
data\raw\oxford-iiit-pet\images\american_pit_bull_terrier_6.jpg,Boxer,dog,0.4044196307659149,uncertain,v1,
data\raw\oxford-iiit-pet\images\american_pit_bull_terrier_60.jpg,American Pit Bull Terrier,dog,0.9521535634994507,confident,v1,
data\raw\oxford-iiit-pet\images\american_pit_bull_terrier_61.jpg,American Bulldog,dog,0.972348153591156,confident,v1,
data\raw\oxford-iiit-pet\images\american_pit_bull_terrier_62.jpg,American Pit Bull Terrier,dog,0.7061532139778137,uncertain,v1,
data\raw\oxford-iiit-pet\images\american_pit_bull_terrier_63.jpg,American Bulldog,dog,0.9234657883644104,confident,v1,
data\raw\oxford-iiit-pet\images\american_pit_bull_terrier_64.jpg,Staffordshire Bull Terrier,dog,0.6647894382476807,uncertain,v1,
data\raw\oxford-iiit-pet\images\american_pit_bull_terrier_65.jpg,Staffordshire Bull Terrier,dog,0.7075472474098206,uncertain,v1,
data\raw\oxford-iiit-pet\images\american_pit_bull_terrier_66.jpg,Staffordshire Bull Terrier,dog,0.8345757722854614,confident,v1,
data\raw\oxford-iiit-pet\images\american_pit_bull_terrier_67.jpg,American Pit Bull Terrier,dog,0.9750834703445435,confident,v1,
data\raw\oxford-iiit-pet\images\american_pit_bull_terrier_68.jpg,American Bulldog,dog,0.7471947073936462,uncertain,v1,
data\raw\oxford-iiit-pet\images\american_pit_bull_terrier_69.jpg,American Pit Bull Terrier,dog,0.9791091680526733,confident,v1,
data\raw\oxford-iiit-pet\images\american_pit_bull_terrier_7.jpg,American Pit Bull Terrier,dog,0.936591386795044,confident,v1,
data\raw\oxford-iiit-pet\images\american_pit_bull_terrier_70.jpg,American Pit Bull Terrier,dog,0.8454651236534119,confident,v1,
data\raw\oxford-iiit-pet\images\american_pit_bull_terrier_71.jpg,American Pit Bull Terrier,dog,0.9529333114624023,confident,v1,
data\raw\oxford-iiit-pet\images\american_pit_bull_terrier_72.jpg,American Pit Bull Terrier,dog,0.9363459348678589,confident,v1,
data\raw\oxford-iiit-pet\images\american_pit_bull_terrier_73.jpg,American Pit Bull Terrier,dog,0.9145439863204956,confident,v1,
data\raw\oxford-iiit-pet\images\american_pit_bull_terrier_74.jpg,American Pit Bull Terrier,dog,0.8786095976829529,confident,v1,
data\raw\oxford-iiit-pet\images\american_pit_bull_terrier_75.jpg,American Pit Bull Terrier,dog,0.7527480125427246,uncertain,v1,
data\raw\oxford-iiit-pet\images\american_pit_bull_terrier_76.jpg,American Pit Bull Terrier,dog,0.7805625200271606,uncertain,v1,
data\raw\oxford-iiit-pet\images\american_pit_bull_terrier_77.jpg,American Pit Bull Terrier,dog,0.994455873966217,confident,v1,
data\raw\oxford-iiit-pet\images\american_pit_bull_terrier_78.jpg,American Pit Bull Terrier,dog,0.978871762752533,confident,v1,
data\raw\oxford-iiit-pet\images\american_pit_bull_terrier_79.jpg,American Bulldog,dog,0.5493208169937134,uncertain,v1,
data\raw\oxford-iiit-pet\images\american_pit_bull_terrier_8.jpg,Staffordshire Bull Terrier,dog,0.46912646293640137,uncertain,v1,
data\raw\oxford-iiit-pet\images\american_pit_bull_terrier_80.jpg,American Bulldog,dog,0.9716212749481201,confident,v1,
data\raw\oxford-iiit-pet\images\american_pit_bull_terrier_81.jpg,American Pit Bull Terrier,dog,0.981721043586731,confident,v1,
data\raw\oxford-iiit-pet\images\american_pit_bull_terrier_82.jpg,German Shorthaired,dog,0.9549420475959778,confident,v1,
data\raw\oxford-iiit-pet\images\american_pit_bull_terrier_84.jpg,German Shorthaired,dog,0.6023316979408264,uncertain,v1,
data\raw\oxford-iiit-pet\images\american_pit_bull_terrier_86.jpg,American Pit Bull Terrier,dog,0.9736661314964294,confident,v1,
data\raw\oxford-iiit-pet\images\american_pit_bull_terrier_87.jpg,American Pit Bull Terrier,dog,0.6870485544204712,uncertain,v1,
data\raw\oxford-iiit-pet\images\american_pit_bull_terrier_88.jpg,American Pit Bull Terrier,dog,0.509061336517334,uncertain,v1,
data\raw\oxford-iiit-pet\images\american_pit_bull_terrier_89.jpg,Staffordshire Bull Terrier,dog,0.9833200573921204,confident,v1,
data\raw\oxford-iiit-pet\images\american_pit_bull_terrier_9.jpg,American Bulldog,dog,0.6072043180465698,uncertain,v1,
data\raw\oxford-iiit-pet\images\american_pit_bull_terrier_90.jpg,American Pit Bull Terrier,dog,0.7804204821586609,uncertain,v1,
data\raw\oxford-iiit-pet\images\american_pit_bull_terrier_91.jpg,Staffordshire Bull Terrier,dog,0.9282577633857727,confident,v1,
data\raw\oxford-iiit-pet\images\american_pit_bull_terrier_92.jpg,American Pit Bull Terrier,dog,0.9170271158218384,confident,v1,
data\raw\oxford-iiit-pet\images\american_pit_bull_terrier_93.jpg,German Shorthaired,dog,0.8840411305427551,confident,v1,
data\raw\oxford-iiit-pet\images\american_pit_bull_terrier_94.jpg,Staffordshire Bull Terrier,dog,0.9210190176963806,confident,v1,
data\raw\oxford-iiit-pet\images\american_pit_bull_terrier_95.jpg,American Pit Bull Terrier,dog,0.9481996893882751,confident,v1,
data\raw\oxford-iiit-pet\images\american_pit_bull_terrier_96.jpg,American Pit Bull Terrier,dog,0.9025183320045471,confident,v1,
data\raw\oxford-iiit-pet\images\american_pit_bull_terrier_97.jpg,American Pit Bull Terrier,dog,0.9708305597305298,confident,v1,
data\raw\oxford-iiit-pet\images\american_pit_bull_terrier_98.jpg,American Pit Bull Terrier,dog,0.5088232755661011,uncertain,v1,
data\raw\oxford-iiit-pet\images\american_pit_bull_terrier_99.jpg,American Pit Bull Terrier,dog,0.711317777633667,uncertain,v1,
data\raw\oxford-iiit-pet\images\basset_hound_1.jpg,Basset Hound,dog,0.9972706437110901,confident,v1,
data\raw\oxford-iiit-pet\images\basset_hound_10.jpg,Basset Hound,dog,0.9919331669807434,confident,v1,
data\raw\oxford-iiit-pet\images\basset_hound_100.jpg,Basset Hound,dog,0.997346043586731,confident,v1,
data\raw\oxford-iiit-pet\images\basset_hound_101.jpg,Basset Hound,dog,0.9930593967437744,confident,v1,
data\raw\oxford-iiit-pet\images\basset_hound_102.jpg,Basset Hound,dog,0.9347444772720337,confident,v1,
data\raw\oxford-iiit-pet\images\basset_hound_103.jpg,Basset Hound,dog,0.9995666146278381,confident,v1,
data\raw\oxford-iiit-pet\images\basset_hound_104.jpg,Basset Hound,dog,0.998908519744873,confident,v1,
data\raw\oxford-iiit-pet\images\basset_hound_105.jpg,Basset Hound,dog,0.9983847141265869,confident,v1,
data\raw\oxford-iiit-pet\images\basset_hound_106.jpg,Basset Hound,dog,0.9974861145019531,confident,v1,
data\raw\oxford-iiit-pet\images\basset_hound_107.jpg,Basset Hound,dog,0.9978734254837036,confident,v1,
data\raw\oxford-iiit-pet\images\basset_hound_108.jpg,Basset Hound,dog,0.9993818998336792,confident,v1,
data\raw\oxford-iiit-pet\images\basset_hound_109.jpg,Basset Hound,dog,0.9984806180000305,confident,v1,
data\raw\oxford-iiit-pet\images\basset_hound_11.jpg,Basset Hound,dog,0.9961775541305542,confident,v1,
data\raw\oxford-iiit-pet\images\basset_hound_110.jpg,Basset Hound,dog,0.998390793800354,confident,v1,
data\raw\oxford-iiit-pet\images\basset_hound_111.jpg,Basset Hound,dog,0.9889740943908691,confident,v1,
data\raw\oxford-iiit-pet\images\basset_hound_112.jpg,Basset Hound,dog,0.9861030578613281,confident,v1,
data\raw\oxford-iiit-pet\images\basset_hound_113.jpg,Basset Hound,dog,0.9763768315315247,confident,v1,
data\raw\oxford-iiit-pet\images\basset_hound_114.jpg,Basset Hound,dog,0.9922201037406921,confident,v1,
data\raw\oxford-iiit-pet\images\basset_hound_115.jpg,Basset Hound,dog,0.9953946471214294,confident,v1,
data\raw\oxford-iiit-pet\images\basset_hound_116.jpg,Basset Hound,dog,0.99810791015625,confident,v1,
data\raw\oxford-iiit-pet\images\basset_hound_117.jpg,Basset Hound,dog,0.9947456121444702,confident,v1,
data\raw\oxford-iiit-pet\images\basset_hound_118.jpg,Basset Hound,dog,0.9945971965789795,confident,v1,
data\raw\oxford-iiit-pet\images\basset_hound_119.jpg,Basset Hound,dog,0.9987233281135559,confident,v1,
data\raw\oxford-iiit-pet\images\basset_hound_12.jpg,Basset Hound,dog,0.9981178045272827,confident,v1,
data\raw\oxford-iiit-pet\images\basset_hound_120.jpg,Basset Hound,dog,0.993482768535614,confident,v1,
data\raw\oxford-iiit-pet\images\basset_hound_121.jpg,Basset Hound,dog,0.9944652915000916,confident,v1,
data\raw\oxford-iiit-pet\images\basset_hound_122.jpg,Basset Hound,dog,0.9980251789093018,confident,v1,
data\raw\oxford-iiit-pet\images\basset_hound_123.jpg,Basset Hound,dog,0.9968751668930054,confident,v1,
data\raw\oxford-iiit-pet\images\basset_hound_124.jpg,Basset Hound,dog,0.9814179539680481,confident,v1,
data\raw\oxford-iiit-pet\images\basset_hound_125.jpg,Basset Hound,dog,0.9942609071731567,confident,v1,
data\raw\oxford-iiit-pet\images\basset_hound_126.jpg,Basset Hound,dog,0.9508926868438721,confident,v1,
data\raw\oxford-iiit-pet\images\basset_hound_127.jpg,Basset Hound,dog,0.9914695620536804,confident,v1,
data\raw\oxford-iiit-pet\images\basset_hound_128.jpg,Basset Hound,dog,0.9992652535438538,confident,v1,
data\raw\oxford-iiit-pet\images\basset_hound_129.jpg,Basset Hound,dog,0.9962905645370483,confident,v1,
data\raw\oxford-iiit-pet\images\basset_hound_13.jpg,Basset Hound,dog,0.9937366247177124,confident,v1,
data\raw\oxford-iiit-pet\images\basset_hound_130.jpg,Basset Hound,dog,0.9992320537567139,confident,v1,
data\raw\oxford-iiit-pet\images\basset_hound_131.jpg,Basset Hound,dog,0.9983949065208435,confident,v1,
data\raw\oxford-iiit-pet\images\basset_hound_132.jpg,Basset Hound,dog,0.9995617270469666,confident,v1,
data\raw\oxford-iiit-pet\images\basset_hound_133.jpg,Basset Hound,dog,0.9988775849342346,confident,v1,
data\raw\oxford-iiit-pet\images\basset_hound_134.jpg,Basset Hound,dog,0.9952228665351868,confident,v1,
data\raw\oxford-iiit-pet\images\basset_hound_135.jpg,Basset Hound,dog,0.9960029721260071,confident,v1,
data\raw\oxford-iiit-pet\images\basset_hound_136.jpg,Basset Hound,dog,0.9912900924682617,confident,v1,
data\raw\oxford-iiit-pet\images\basset_hound_137.jpg,Basset Hound,dog,0.9561704993247986,confident,v1,
data\raw\oxford-iiit-pet\images\basset_hound_138.jpg,Basset Hound,dog,0.8945090770721436,confident,v1,
data\raw\oxford-iiit-pet\images\basset_hound_139.jpg,Basset Hound,dog,0.9984880685806274,confident,v1,
data\raw\oxford-iiit-pet\images\basset_hound_14.jpg,English Setter,dog,0.7803460359573364,uncertain,v1,
data\raw\oxford-iiit-pet\images\basset_hound_140.jpg,Basset Hound,dog,0.9977948665618896,confident,v1,
data\raw\oxford-iiit-pet\images\basset_hound_141.jpg,Basset Hound,dog,0.9927236437797546,confident,v1,
data\raw\oxford-iiit-pet\images\basset_hound_142.jpg,Basset Hound,dog,0.9891819357872009,confident,v1,
data\raw\oxford-iiit-pet\images\basset_hound_143.jpg,Basset Hound,dog,0.9945399165153503,confident,v1,
data\raw\oxford-iiit-pet\images\basset_hound_144.jpg,Basset Hound,dog,0.9787510633468628,confident,v1,
data\raw\oxford-iiit-pet\images\basset_hound_145.jpg,Basset Hound,dog,0.997162401676178,confident,v1,
data\raw\oxford-iiit-pet\images\basset_hound_146.jpg,Basset Hound,dog,0.9904735684394836,confident,v1,
data\raw\oxford-iiit-pet\images\basset_hound_147.jpg,Basset Hound,dog,0.9991196990013123,confident,v1,
data\raw\oxford-iiit-pet\images\basset_hound_148.jpg,Basset Hound,dog,0.9945899248123169,confident,v1,
data\raw\oxford-iiit-pet\images\basset_hound_149.jpg,Basset Hound,dog,0.9967606663703918,confident,v1,
data\raw\oxford-iiit-pet\images\basset_hound_15.jpg,Basset Hound,dog,0.9983237385749817,confident,v1,
data\raw\oxford-iiit-pet\images\basset_hound_150.jpg,Basset Hound,dog,0.5615144968032837,uncertain,v1,
data\raw\oxford-iiit-pet\images\basset_hound_151.jpg,Basset Hound,dog,0.9980751276016235,confident,v1,
data\raw\oxford-iiit-pet\images\basset_hound_152.jpg,Basset Hound,dog,0.9949159622192383,confident,v1,
data\raw\oxford-iiit-pet\images\basset_hound_153.jpg,Basset Hound,dog,0.9930465817451477,confident,v1,
data\raw\oxford-iiit-pet\images\basset_hound_154.jpg,Basset Hound,dog,0.9971339702606201,confident,v1,
data\raw\oxford-iiit-pet\images\basset_hound_155.jpg,Basset Hound,dog,0.990843653678894,confident,v1,
data\raw\oxford-iiit-pet\images\basset_hound_156.jpg,Basset Hound,dog,0.9762547016143799,confident,v1,
data\raw\oxford-iiit-pet\images\basset_hound_157.jpg,Basset Hound,dog,0.9898132681846619,confident,v1,
data\raw\oxford-iiit-pet\images\basset_hound_158.jpg,Basset Hound,dog,0.9985795021057129,confident,v1,
data\raw\oxford-iiit-pet\images\basset_hound_159.jpg,Basset Hound,dog,0.9667555093765259,confident,v1,
data\raw\oxford-iiit-pet\images\basset_hound_16.jpg,Basset Hound,dog,0.9826031923294067,confident,v1,
data\raw\oxford-iiit-pet\images\basset_hound_160.jpg,Basset Hound,dog,0.9983015060424805,confident,v1,
data\raw\oxford-iiit-pet\images\basset_hound_161.jpg,Basset Hound,dog,0.9897381663322449,confident,v1,
data\raw\oxford-iiit-pet\images\basset_hound_162.jpg,Basset Hound,dog,0.9874677658081055,confident,v1,
data\raw\oxford-iiit-pet\images\basset_hound_163.jpg,Basset Hound,dog,0.9977988600730896,confident,v1,
data\raw\oxford-iiit-pet\images\basset_hound_164.jpg,Basset Hound,dog,0.9979913234710693,confident,v1,
data\raw\oxford-iiit-pet\images\basset_hound_165.jpg,Basset Hound,dog,0.9990156888961792,confident,v1,
data\raw\oxford-iiit-pet\images\basset_hound_166.jpg,Basset Hound,dog,0.9986710548400879,confident,v1,
data\raw\oxford-iiit-pet\images\basset_hound_167.jpg,Basset Hound,dog,0.997601330280304,confident,v1,
data\raw\oxford-iiit-pet\images\basset_hound_168.jpg,Basset Hound,dog,0.9990102052688599,confident,v1,
data\raw\oxford-iiit-pet\images\basset_hound_169.jpg,Basset Hound,dog,0.9965832829475403,confident,v1,
data\raw\oxford-iiit-pet\images\basset_hound_17.jpg,Basset Hound,dog,0.9938966631889343,confident,v1,
data\raw\oxford-iiit-pet\images\basset_hound_170.jpg,Basset Hound,dog,0.9991232752799988,confident,v1,
data\raw\oxford-iiit-pet\images\basset_hound_171.jpg,Basset Hound,dog,0.9990509152412415,confident,v1,
data\raw\oxford-iiit-pet\images\basset_hound_172.jpg,Basset Hound,dog,0.999332845211029,confident,v1,
data\raw\oxford-iiit-pet\images\basset_hound_173.jpg,Basset Hound,dog,0.9997554421424866,confident,v1,
data\raw\oxford-iiit-pet\images\basset_hound_174.jpg,Basset Hound,dog,0.9975427389144897,confident,v1,
data\raw\oxford-iiit-pet\images\basset_hound_175.jpg,Basset Hound,dog,0.9969735145568848,confident,v1,
data\raw\oxford-iiit-pet\images\basset_hound_176.jpg,Basset Hound,dog,0.9943857192993164,confident,v1,
data\raw\oxford-iiit-pet\images\basset_hound_177.jpg,Basset Hound,dog,0.9992693066596985,confident,v1,
data\raw\oxford-iiit-pet\images\basset_hound_178.jpg,Basset Hound,dog,0.9966243505477905,confident,v1,
data\raw\oxford-iiit-pet\images\basset_hound_179.jpg,Basset Hound,dog,0.9925649166107178,confident,v1,
data\raw\oxford-iiit-pet\images\basset_hound_18.jpg,Basset Hound,dog,0.9963451027870178,confident,v1,
data\raw\oxford-iiit-pet\images\basset_hound_180.jpg,Beagle,dog,0.6577198505401611,uncertain,v1,
data\raw\oxford-iiit-pet\images\basset_hound_181.jpg,Basset Hound,dog,0.9991317391395569,confident,v1,
data\raw\oxford-iiit-pet\images\basset_hound_182.jpg,Basset Hound,dog,0.9884933829307556,confident,v1,
data\raw\oxford-iiit-pet\images\basset_hound_183.jpg,Basset Hound,dog,0.9577020406723022,confident,v1,
data\raw\oxford-iiit-pet\images\basset_hound_184.jpg,Basset Hound,dog,0.9975038170814514,confident,v1,
data\raw\oxford-iiit-pet\images\basset_hound_185.jpg,Basset Hound,dog,0.7172332406044006,uncertain,v1,
data\raw\oxford-iiit-pet\images\basset_hound_186.jpg,Basset Hound,dog,0.9971352815628052,confident,v1,
data\raw\oxford-iiit-pet\images\basset_hound_187.jpg,Basset Hound,dog,0.998339056968689,confident,v1,
data\raw\oxford-iiit-pet\images\basset_hound_188.jpg,Basset Hound,dog,0.9963254332542419,confident,v1,
data\raw\oxford-iiit-pet\images\basset_hound_189.jpg,Basset Hound,dog,0.9967098236083984,confident,v1,
data\raw\oxford-iiit-pet\images\basset_hound_19.jpg,Basset Hound,dog,0.9833909273147583,confident,v1,
data\raw\oxford-iiit-pet\images\basset_hound_190.jpg,Basset Hound,dog,0.9945112466812134,confident,v1,
data\raw\oxford-iiit-pet\images\basset_hound_191.jpg,Saint Bernard,dog,0.6174841523170471,uncertain,v1,
data\raw\oxford-iiit-pet\images\basset_hound_192.jpg,Basset Hound,dog,0.9791023135185242,confident,v1,
data\raw\oxford-iiit-pet\images\basset_hound_193.jpg,Basset Hound,dog,0.7414671182632446,uncertain,v1,
data\raw\oxford-iiit-pet\images\basset_hound_194.jpg,Basset Hound,dog,0.6513856053352356,uncertain,v1,
data\raw\oxford-iiit-pet\images\basset_hound_195.jpg,Basset Hound,dog,0.9402352571487427,confident,v1,
data\raw\oxford-iiit-pet\images\basset_hound_196.jpg,Basset Hound,dog,0.44355782866477966,uncertain,v1,
data\raw\oxford-iiit-pet\images\basset_hound_197.jpg,Beagle,dog,0.9845560789108276,confident,v1,
data\raw\oxford-iiit-pet\images\basset_hound_198.jpg,Basset Hound,dog,0.9933997392654419,confident,v1,
data\raw\oxford-iiit-pet\images\basset_hound_199.jpg,Basset Hound,dog,0.9886847138404846,confident,v1,
data\raw\oxford-iiit-pet\images\basset_hound_2.jpg,Basset Hound,dog,0.9997714161872864,confident,v1,
data\raw\oxford-iiit-pet\images\basset_hound_20.jpg,Basset Hound,dog,0.9809622168540955,confident,v1,
data\raw\oxford-iiit-pet\images\basset_hound_200.jpg,Beagle,dog,0.9990108013153076,confident,v1,
data\raw\oxford-iiit-pet\images\basset_hound_21.jpg,Basset Hound,dog,0.9090814590454102,confident,v1,
data\raw\oxford-iiit-pet\images\basset_hound_22.jpg,Basset Hound,dog,0.9971311092376709,confident,v1,
data\raw\oxford-iiit-pet\images\basset_hound_23.jpg,Basset Hound,dog,0.9868621826171875,confident,v1,
data\raw\oxford-iiit-pet\images\basset_hound_24.jpg,Basset Hound,dog,0.9922284483909607,confident,v1,
data\raw\oxford-iiit-pet\images\basset_hound_25.jpg,Basset Hound,dog,0.9819268584251404,confident,v1,
data\raw\oxford-iiit-pet\images\basset_hound_26.jpg,Basset Hound,dog,0.9966075420379639,confident,v1,
data\raw\oxford-iiit-pet\images\basset_hound_27.jpg,Basset Hound,dog,0.9370840787887573,confident,v1,
data\raw\oxford-iiit-pet\images\basset_hound_28.jpg,Basset Hound,dog,0.997738242149353,confident,v1,
data\raw\oxford-iiit-pet\images\basset_hound_29.jpg,Basset Hound,dog,0.9625227451324463,confident,v1,
data\raw\oxford-iiit-pet\images\basset_hound_3.jpg,Basset Hound,dog,0.9989317059516907,confident,v1,
data\raw\oxford-iiit-pet\images\basset_hound_30.jpg,Basset Hound,dog,0.96608966588974,confident,v1,
data\raw\oxford-iiit-pet\images\basset_hound_31.jpg,Basset Hound,dog,0.9989603757858276,confident,v1,
data\raw\oxford-iiit-pet\images\basset_hound_32.jpg,Basset Hound,dog,0.9878260493278503,confident,v1,
data\raw\oxford-iiit-pet\images\basset_hound_33.jpg,Basset Hound,dog,0.9987823367118835,confident,v1,
data\raw\oxford-iiit-pet\images\basset_hound_34.jpg,Basset Hound,dog,0.9986536502838135,confident,v1,
data\raw\oxford-iiit-pet\images\basset_hound_35.jpg,Basset Hound,dog,0.9696987867355347,confident,v1,
data\raw\oxford-iiit-pet\images\basset_hound_36.jpg,Basset Hound,dog,0.9937421679496765,confident,v1,
data\raw\oxford-iiit-pet\images\basset_hound_37.jpg,Basset Hound,dog,0.9941616654396057,confident,v1,
data\raw\oxford-iiit-pet\images\basset_hound_38.jpg,Basset Hound,dog,0.996665894985199,confident,v1,
data\raw\oxford-iiit-pet\images\basset_hound_39.jpg,Basset Hound,dog,0.9997598528862,confident,v1,
data\raw\oxford-iiit-pet\images\basset_hound_4.jpg,Basset Hound,dog,0.6060377955436707,uncertain,v1,
data\raw\oxford-iiit-pet\images\basset_hound_40.jpg,Beagle,dog,0.9261685013771057,confident,v1,
data\raw\oxford-iiit-pet\images\basset_hound_41.jpg,Basset Hound,dog,0.9982859492301941,confident,v1,
data\raw\oxford-iiit-pet\images\basset_hound_42.jpg,Basset Hound,dog,0.9625982046127319,confident,v1,
data\raw\oxford-iiit-pet\images\basset_hound_43.jpg,Basset Hound,dog,0.9982996582984924,confident,v1,
data\raw\oxford-iiit-pet\images\basset_hound_44.jpg,Basset Hound,dog,0.997734546661377,confident,v1,
data\raw\oxford-iiit-pet\images\basset_hound_45.jpg,Basset Hound,dog,0.9684751033782959,confident,v1,
data\raw\oxford-iiit-pet\images\basset_hound_46.jpg,Basset Hound,dog,0.9984328150749207,confident,v1,
data\raw\oxford-iiit-pet\images\basset_hound_47.jpg,Basset Hound,dog,0.9993576407432556,confident,v1,
data\raw\oxford-iiit-pet\images\basset_hound_48.jpg,Basset Hound,dog,0.9982814788818359,confident,v1,
data\raw\oxford-iiit-pet\images\basset_hound_49.jpg,Basset Hound,dog,0.9994372725486755,confident,v1,
data\raw\oxford-iiit-pet\images\basset_hound_5.jpg,Basset Hound,dog,0.9908201098442078,confident,v1,
data\raw\oxford-iiit-pet\images\basset_hound_50.jpg,Basset Hound,dog,0.9696678519248962,confident,v1,
data\raw\oxford-iiit-pet\images\basset_hound_51.jpg,Basset Hound,dog,0.9990195035934448,confident,v1,
data\raw\oxford-iiit-pet\images\basset_hound_52.jpg,Basset Hound,dog,0.9454304575920105,confident,v1,
data\raw\oxford-iiit-pet\images\basset_hound_53.jpg,Basset Hound,dog,0.999262273311615,confident,v1,
data\raw\oxford-iiit-pet\images\basset_hound_54.jpg,Basset Hound,dog,0.9968993663787842,confident,v1,
data\raw\oxford-iiit-pet\images\basset_hound_55.jpg,Basset Hound,dog,0.9918924570083618,confident,v1,
data\raw\oxford-iiit-pet\images\basset_hound_56.jpg,Basset Hound,dog,0.9950736165046692,confident,v1,
data\raw\oxford-iiit-pet\images\basset_hound_57.jpg,Basset Hound,dog,0.9949400424957275,confident,v1,
data\raw\oxford-iiit-pet\images\basset_hound_58.jpg,Beagle,dog,0.9741300344467163,confident,v1,
data\raw\oxford-iiit-pet\images\basset_hound_59.jpg,Basset Hound,dog,0.9785982966423035,confident,v1,
data\raw\oxford-iiit-pet\images\basset_hound_6.jpg,Basset Hound,dog,0.9741365909576416,confident,v1,
data\raw\oxford-iiit-pet\images\basset_hound_60.jpg,Basset Hound,dog,0.9939243197441101,confident,v1,
data\raw\oxford-iiit-pet\images\basset_hound_61.jpg,Basset Hound,dog,0.9951882362365723,confident,v1,
data\raw\oxford-iiit-pet\images\basset_hound_62.jpg,Basset Hound,dog,0.9972599744796753,confident,v1,
data\raw\oxford-iiit-pet\images\basset_hound_63.jpg,Basset Hound,dog,0.9980675578117371,confident,v1,
data\raw\oxford-iiit-pet\images\basset_hound_64.jpg,Beagle,dog,0.5474638342857361,uncertain,v1,
data\raw\oxford-iiit-pet\images\basset_hound_65.jpg,Basset Hound,dog,0.9926562905311584,confident,v1,
data\raw\oxford-iiit-pet\images\basset_hound_66.jpg,Basset Hound,dog,0.9573035836219788,confident,v1,
data\raw\oxford-iiit-pet\images\basset_hound_67.jpg,Basset Hound,dog,0.9878182411193848,confident,v1,
data\raw\oxford-iiit-pet\images\basset_hound_68.jpg,Beagle,dog,0.97221440076828,confident,v1,
data\raw\oxford-iiit-pet\images\basset_hound_69.jpg,Basset Hound,dog,0.9962568283081055,confident,v1,
data\raw\oxford-iiit-pet\images\basset_hound_7.jpg,Basset Hound,dog,0.6691722869873047,uncertain,v1,
data\raw\oxford-iiit-pet\images\basset_hound_70.jpg,Basset Hound,dog,0.9972288012504578,confident,v1,
data\raw\oxford-iiit-pet\images\basset_hound_71.jpg,Basset Hound,dog,0.9820481538772583,confident,v1,
data\raw\oxford-iiit-pet\images\basset_hound_72.jpg,Basset Hound,dog,0.9962027668952942,confident,v1,
data\raw\oxford-iiit-pet\images\basset_hound_73.jpg,Beagle,dog,0.8687517046928406,confident,v1,
data\raw\oxford-iiit-pet\images\basset_hound_74.jpg,Basset Hound,dog,0.9914910197257996,confident,v1,
data\raw\oxford-iiit-pet\images\basset_hound_75.jpg,Basset Hound,dog,0.9918181896209717,confident,v1,
data\raw\oxford-iiit-pet\images\basset_hound_76.jpg,Basset Hound,dog,0.9906387329101562,confident,v1,
data\raw\oxford-iiit-pet\images\basset_hound_77.jpg,Basset Hound,dog,0.9953073859214783,confident,v1,
data\raw\oxford-iiit-pet\images\basset_hound_78.jpg,Basset Hound,dog,0.9992522597312927,confident,v1,
data\raw\oxford-iiit-pet\images\basset_hound_79.jpg,Basset Hound,dog,0.9910784363746643,confident,v1,
data\raw\oxford-iiit-pet\images\basset_hound_8.jpg,Basset Hound,dog,0.928321897983551,confident,v1,
data\raw\oxford-iiit-pet\images\basset_hound_80.jpg,Basset Hound,dog,0.998412013053894,confident,v1,
data\raw\oxford-iiit-pet\images\basset_hound_81.jpg,Basset Hound,dog,0.8047797679901123,confident,v1,
data\raw\oxford-iiit-pet\images\basset_hound_82.jpg,Basset Hound,dog,0.9961763620376587,confident,v1,
data\raw\oxford-iiit-pet\images\basset_hound_83.jpg,Basset Hound,dog,0.9955072402954102,confident,v1,
data\raw\oxford-iiit-pet\images\basset_hound_84.jpg,Basset Hound,dog,0.9988396763801575,confident,v1,
data\raw\oxford-iiit-pet\images\basset_hound_85.jpg,Basset Hound,dog,0.9992307424545288,confident,v1,
data\raw\oxford-iiit-pet\images\basset_hound_86.jpg,Basset Hound,dog,0.9981718063354492,confident,v1,
data\raw\oxford-iiit-pet\images\basset_hound_87.jpg,Basset Hound,dog,0.9970971345901489,confident,v1,
data\raw\oxford-iiit-pet\images\basset_hound_88.jpg,Basset Hound,dog,0.9961825013160706,confident,v1,
data\raw\oxford-iiit-pet\images\basset_hound_89.jpg,Basset Hound,dog,0.9876326322555542,confident,v1,
data\raw\oxford-iiit-pet\images\basset_hound_9.jpg,Basset Hound,dog,0.9998181462287903,confident,v1,
data\raw\oxford-iiit-pet\images\basset_hound_90.jpg,Basset Hound,dog,0.9694597125053406,confident,v1,
data\raw\oxford-iiit-pet\images\basset_hound_91.jpg,Basset Hound,dog,0.998721182346344,confident,v1,
data\raw\oxford-iiit-pet\images\basset_hound_92.jpg,Basset Hound,dog,0.9993048906326294,confident,v1,
data\raw\oxford-iiit-pet\images\basset_hound_93.jpg,Basset Hound,dog,0.9995512366294861,confident,v1,
data\raw\oxford-iiit-pet\images\basset_hound_94.jpg,Basset Hound,dog,0.995648205280304,confident,v1,
data\raw\oxford-iiit-pet\images\basset_hound_95.jpg,Basset Hound,dog,0.99965500831604,confident,v1,
data\raw\oxford-iiit-pet\images\basset_hound_96.jpg,Basset Hound,dog,0.8517140746116638,confident,v1,
data\raw\oxford-iiit-pet\images\basset_hound_97.jpg,Basset Hound,dog,0.9918165802955627,confident,v1,
data\raw\oxford-iiit-pet\images\basset_hound_98.jpg,Basset Hound,dog,0.9623854756355286,confident,v1,
data\raw\oxford-iiit-pet\images\basset_hound_99.jpg,Basset Hound,dog,0.9766482710838318,confident,v1,
data\raw\oxford-iiit-pet\images\beagle_1.jpg,Beagle,dog,0.9900209903717041,confident,v1,
data\raw\oxford-iiit-pet\images\beagle_10.jpg,Beagle,dog,0.9172160029411316,confident,v1,
data\raw\oxford-iiit-pet\images\beagle_100.jpg,Beagle,dog,0.9985535740852356,confident,v1,
data\raw\oxford-iiit-pet\images\beagle_101.jpg,Beagle,dog,0.988104522228241,confident,v1,
data\raw\oxford-iiit-pet\images\beagle_102.jpg,Beagle,dog,0.9970830082893372,confident,v1,
data\raw\oxford-iiit-pet\images\beagle_103.jpg,Beagle,dog,0.999309778213501,confident,v1,
data\raw\oxford-iiit-pet\images\beagle_104.jpg,Beagle,dog,0.92094886302948,confident,v1,
data\raw\oxford-iiit-pet\images\beagle_105.jpg,Beagle,dog,0.9937334656715393,confident,v1,
data\raw\oxford-iiit-pet\images\beagle_107.jpg,Beagle,dog,0.9969978332519531,confident,v1,
data\raw\oxford-iiit-pet\images\beagle_108.jpg,Beagle,dog,0.99880051612854,confident,v1,
data\raw\oxford-iiit-pet\images\beagle_109.jpg,Beagle,dog,0.9960087537765503,confident,v1,
data\raw\oxford-iiit-pet\images\beagle_110.jpg,Beagle,dog,0.9961661100387573,confident,v1,
data\raw\oxford-iiit-pet\images\beagle_111.jpg,Beagle,dog,0.9988477230072021,confident,v1,
data\raw\oxford-iiit-pet\images\beagle_112.jpg,Beagle,dog,0.9868106842041016,confident,v1,
data\raw\oxford-iiit-pet\images\beagle_113.jpg,Beagle,dog,0.9900269508361816,confident,v1,
data\raw\oxford-iiit-pet\images\beagle_114.jpg,Beagle,dog,0.9968529343605042,confident,v1,
data\raw\oxford-iiit-pet\images\beagle_115.jpg,Beagle,dog,0.9975442290306091,confident,v1,
data\raw\oxford-iiit-pet\images\beagle_116.jpg,Beagle,dog,0.9989493489265442,confident,v1,
data\raw\oxford-iiit-pet\images\beagle_117.jpg,Beagle,dog,0.9735909104347229,confident,v1,
data\raw\oxford-iiit-pet\images\beagle_118.jpg,Beagle,dog,0.9996700286865234,confident,v1,
data\raw\oxford-iiit-pet\images\beagle_119.jpg,Beagle,dog,0.997590184211731,confident,v1,
data\raw\oxford-iiit-pet\images\beagle_12.jpg,Beagle,dog,0.998458743095398,confident,v1,
data\raw\oxford-iiit-pet\images\beagle_120.jpg,Beagle,dog,0.9983068704605103,confident,v1,
data\raw\oxford-iiit-pet\images\beagle_121.jpg,Beagle,dog,0.9885718822479248,confident,v1,
data\raw\oxford-iiit-pet\images\beagle_122.jpg,Beagle,dog,0.9831936359405518,confident,v1,
data\raw\oxford-iiit-pet\images\beagle_123.jpg,Beagle,dog,0.9991254210472107,confident,v1,
data\raw\oxford-iiit-pet\images\beagle_124.jpg,Beagle,dog,0.9969922304153442,confident,v1,
data\raw\oxford-iiit-pet\images\beagle_125.jpg,Beagle,dog,0.9990707635879517,confident,v1,
data\raw\oxford-iiit-pet\images\beagle_126.jpg,Beagle,dog,0.9969633221626282,confident,v1,
data\raw\oxford-iiit-pet\images\beagle_127.jpg,Beagle,dog,0.9969700574874878,confident,v1,
data\raw\oxford-iiit-pet\images\beagle_128.jpg,Beagle,dog,0.9994727969169617,confident,v1,
data\raw\oxford-iiit-pet\images\beagle_129.jpg,Beagle,dog,0.9980869293212891,confident,v1,
data\raw\oxford-iiit-pet\images\beagle_13.jpg,Beagle,dog,0.9955959916114807,confident,v1,
data\raw\oxford-iiit-pet\images\beagle_130.jpg,Beagle,dog,0.9948418736457825,confident,v1,
data\raw\oxford-iiit-pet\images\beagle_131.jpg,Beagle,dog,0.9894763231277466,confident,v1,
data\raw\oxford-iiit-pet\images\beagle_133.jpg,Beagle,dog,0.9953293800354004,confident,v1,
data\raw\oxford-iiit-pet\images\beagle_134.jpg,Beagle,dog,0.9871399998664856,confident,v1,
data\raw\oxford-iiit-pet\images\beagle_135.jpg,American Pit Bull Terrier,dog,0.9193769097328186,confident,v1,
data\raw\oxford-iiit-pet\images\beagle_136.jpg,Beagle,dog,0.9951983094215393,confident,v1,
data\raw\oxford-iiit-pet\images\beagle_137.jpg,Beagle,dog,0.9996705055236816,confident,v1,
data\raw\oxford-iiit-pet\images\beagle_138.jpg,Beagle,dog,0.9972277283668518,confident,v1,
data\raw\oxford-iiit-pet\images\beagle_139.jpg,Basset Hound,dog,0.7646433115005493,uncertain,v1,
data\raw\oxford-iiit-pet\images\beagle_14.jpg,Beagle,dog,0.9913331866264343,confident,v1,
data\raw\oxford-iiit-pet\images\beagle_140.jpg,Beagle,dog,0.9930960536003113,confident,v1,
data\raw\oxford-iiit-pet\images\beagle_141.jpg,Beagle,dog,0.9995934367179871,confident,v1,
data\raw\oxford-iiit-pet\images\beagle_142.jpg,Beagle,dog,0.9997345805168152,confident,v1,
data\raw\oxford-iiit-pet\images\beagle_143.jpg,Beagle,dog,0.9998494386672974,confident,v1,
data\raw\oxford-iiit-pet\images\beagle_144.jpg,Beagle,dog,0.9990527033805847,confident,v1,
data\raw\oxford-iiit-pet\images\beagle_145.jpg,Beagle,dog,0.9997838139533997,confident,v1,
data\raw\oxford-iiit-pet\images\beagle_146.jpg,Beagle,dog,0.9903032183647156,confident,v1,
data\raw\oxford-iiit-pet\images\beagle_147.jpg,Beagle,dog,0.9995823502540588,confident,v1,
data\raw\oxford-iiit-pet\images\beagle_148.jpg,Beagle,dog,0.9806348085403442,confident,v1,
data\raw\oxford-iiit-pet\images\beagle_149.jpg,Beagle,dog,0.9967325925827026,confident,v1,
data\raw\oxford-iiit-pet\images\beagle_15.jpg,Beagle,dog,0.9989961981773376,confident,v1,
data\raw\oxford-iiit-pet\images\beagle_150.jpg,Beagle,dog,0.9954409599304199,confident,v1,
data\raw\oxford-iiit-pet\images\beagle_151.jpg,Beagle,dog,0.999444305896759,confident,v1,
data\raw\oxford-iiit-pet\images\beagle_152.jpg,Beagle,dog,0.9998086094856262,confident,v1,
data\raw\oxford-iiit-pet\images\beagle_153.jpg,Beagle,dog,0.9998296499252319,confident,v1,
data\raw\oxford-iiit-pet\images\beagle_154.jpg,Beagle,dog,0.8485323786735535,confident,v1,
data\raw\oxford-iiit-pet\images\beagle_155.jpg,Beagle,dog,0.999872088432312,confident,v1,
data\raw\oxford-iiit-pet\images\beagle_156.jpg,Beagle,dog,0.9928923845291138,confident,v1,
data\raw\oxford-iiit-pet\images\beagle_157.jpg,Beagle,dog,0.9976518750190735,confident,v1,
data\raw\oxford-iiit-pet\images\beagle_158.jpg,Beagle,dog,0.942748486995697,confident,v1,
data\raw\oxford-iiit-pet\images\beagle_16.jpg,Beagle,dog,0.9997625946998596,confident,v1,
data\raw\oxford-iiit-pet\images\beagle_160.jpg,Beagle,dog,0.9975773692131042,confident,v1,
data\raw\oxford-iiit-pet\images\beagle_161.jpg,Beagle,dog,0.998969554901123,confident,v1,
data\raw\oxford-iiit-pet\images\beagle_162.jpg,Beagle,dog,0.9962884187698364,confident,v1,
data\raw\oxford-iiit-pet\images\beagle_163.jpg,Beagle,dog,0.9969993829727173,confident,v1,
data\raw\oxford-iiit-pet\images\beagle_164.jpg,Beagle,dog,0.9989885687828064,confident,v1,
data\raw\oxford-iiit-pet\images\beagle_165.jpg,Beagle,dog,0.9992832541465759,confident,v1,
data\raw\oxford-iiit-pet\images\beagle_166.jpg,Beagle,dog,0.9981414079666138,confident,v1,
data\raw\oxford-iiit-pet\images\beagle_167.jpg,Beagle,dog,0.9961475133895874,confident,v1,
data\raw\oxford-iiit-pet\images\beagle_168.jpg,Beagle,dog,0.9997381567955017,confident,v1,
data\raw\oxford-iiit-pet\images\beagle_169.jpg,Beagle,dog,0.9980655312538147,confident,v1,
data\raw\oxford-iiit-pet\images\beagle_17.jpg,Beagle,dog,0.9960989952087402,confident,v1,
data\raw\oxford-iiit-pet\images\beagle_170.jpg,Beagle,dog,0.9994922876358032,confident,v1,
data\raw\oxford-iiit-pet\images\beagle_171.jpg,Beagle,dog,0.9999352693557739,confident,v1,
data\raw\oxford-iiit-pet\images\beagle_172.jpg,Beagle,dog,0.9859301447868347,confident,v1,
data\raw\oxford-iiit-pet\images\beagle_173.jpg,Beagle,dog,0.9241439700126648,confident,v1,
data\raw\oxford-iiit-pet\images\beagle_174.jpg,Beagle,dog,0.9991897940635681,confident,v1,
data\raw\oxford-iiit-pet\images\beagle_175.jpg,Beagle,dog,0.9974285960197449,confident,v1,
data\raw\oxford-iiit-pet\images\beagle_176.jpg,Beagle,dog,0.9985049962997437,confident,v1,
data\raw\oxford-iiit-pet\images\beagle_177.jpg,Beagle,dog,0.9993718266487122,confident,v1,
data\raw\oxford-iiit-pet\images\beagle_178.jpg,Beagle,dog,0.9981016516685486,confident,v1,
data\raw\oxford-iiit-pet\images\beagle_179.jpg,Beagle,dog,0.8157315254211426,confident,v1,
data\raw\oxford-iiit-pet\images\beagle_18.jpg,Beagle,dog,0.9912462830543518,confident,v1,
data\raw\oxford-iiit-pet\images\beagle_180.jpg,Beagle,dog,0.9965940117835999,confident,v1,
data\raw\oxford-iiit-pet\images\beagle_181.jpg,Beagle,dog,0.9930236339569092,confident,v1,
data\raw\oxford-iiit-pet\images\beagle_182.jpg,Beagle,dog,0.9974935054779053,confident,v1,
data\raw\oxford-iiit-pet\images\beagle_183.jpg,Beagle,dog,0.9979668259620667,confident,v1,
data\raw\oxford-iiit-pet\images\beagle_184.jpg,Beagle,dog,0.9975998997688293,confident,v1,
data\raw\oxford-iiit-pet\images\beagle_185.jpg,Beagle,dog,0.9979313611984253,confident,v1,
data\raw\oxford-iiit-pet\images\beagle_186.jpg,Beagle,dog,0.9991542100906372,confident,v1,
data\raw\oxford-iiit-pet\images\beagle_187.jpg,Beagle,dog,0.9991106390953064,confident,v1,
data\raw\oxford-iiit-pet\images\beagle_188.jpg,English Setter,dog,0.9525471925735474,confident,v1,
data\raw\oxford-iiit-pet\images\beagle_189.jpg,Beagle,dog,0.998931348323822,confident,v1,
data\raw\oxford-iiit-pet\images\beagle_19.jpg,Beagle,dog,0.9990739822387695,confident,v1,
data\raw\oxford-iiit-pet\images\beagle_190.jpg,Beagle,dog,0.9991889595985413,confident,v1,
data\raw\oxford-iiit-pet\images\beagle_191.jpg,Beagle,dog,0.9988992214202881,confident,v1,
data\raw\oxford-iiit-pet\images\beagle_192.jpg,Beagle,dog,0.9996709823608398,confident,v1,
data\raw\oxford-iiit-pet\images\beagle_193.jpg,Beagle,dog,0.9981556534767151,confident,v1,
data\raw\oxford-iiit-pet\images\beagle_194.jpg,Beagle,dog,0.9995537400245667,confident,v1,
data\raw\oxford-iiit-pet\images\beagle_195.jpg,Beagle,dog,0.8456024527549744,confident,v1,
data\raw\oxford-iiit-pet\images\beagle_196.jpg,Beagle,dog,0.9849435091018677,confident,v1,
data\raw\oxford-iiit-pet\images\beagle_197.jpg,Beagle,dog,0.9995792508125305,confident,v1,
data\raw\oxford-iiit-pet\images\beagle_198.jpg,Beagle,dog,0.43686574697494507,uncertain,v1,
data\raw\oxford-iiit-pet\images\beagle_199.jpg,Beagle,dog,0.9894000887870789,confident,v1,
data\raw\oxford-iiit-pet\images\beagle_2.jpg,Beagle,dog,0.9454413652420044,confident,v1,
data\raw\oxford-iiit-pet\images\beagle_20.jpg,Beagle,dog,0.9936566948890686,confident,v1,
data\raw\oxford-iiit-pet\images\beagle_200.jpg,Beagle,dog,0.9987024068832397,confident,v1,
data\raw\oxford-iiit-pet\images\beagle_201.jpg,Beagle,dog,0.9993687272071838,confident,v1,
data\raw\oxford-iiit-pet\images\beagle_202.jpg,Beagle,dog,0.8830757141113281,confident,v1,
data\raw\oxford-iiit-pet\images\beagle_203.jpg,Beagle,dog,0.9981361627578735,confident,v1,
data\raw\oxford-iiit-pet\images\beagle_204.jpg,Beagle,dog,0.9664269089698792,confident,v1,
data\raw\oxford-iiit-pet\images\beagle_21.jpg,Beagle,dog,0.9945435523986816,confident,v1,
data\raw\oxford-iiit-pet\images\beagle_22.jpg,Beagle,dog,0.9998726844787598,confident,v1,
data\raw\oxford-iiit-pet\images\beagle_23.jpg,Beagle,dog,0.9994945526123047,confident,v1,
data\raw\oxford-iiit-pet\images\beagle_24.jpg,Beagle,dog,0.9975261092185974,confident,v1,
data\raw\oxford-iiit-pet\images\beagle_25.jpg,Beagle,dog,0.905865490436554,confident,v1,
data\raw\oxford-iiit-pet\images\beagle_26.jpg,Beagle,dog,0.9996077418327332,confident,v1,
data\raw\oxford-iiit-pet\images\beagle_27.jpg,Beagle,dog,0.9961507320404053,confident,v1,
data\raw\oxford-iiit-pet\images\beagle_28.jpg,Beagle,dog,0.9905481934547424,confident,v1,
data\raw\oxford-iiit-pet\images\beagle_29.jpg,Beagle,dog,0.6384652256965637,uncertain,v1,
data\raw\oxford-iiit-pet\images\beagle_3.jpg,Beagle,dog,0.9995521903038025,confident,v1,
data\raw\oxford-iiit-pet\images\beagle_30.jpg,Beagle,dog,0.1986439973115921,uncertain,v1,
data\raw\oxford-iiit-pet\images\beagle_31.jpg,Beagle,dog,0.9823122620582581,confident,v1,
data\raw\oxford-iiit-pet\images\beagle_32.jpg,Beagle,dog,0.9989884495735168,confident,v1,
data\raw\oxford-iiit-pet\images\beagle_33.jpg,Beagle,dog,0.9209824204444885,confident,v1,
data\raw\oxford-iiit-pet\images\beagle_34.jpg,Beagle,dog,0.9984972476959229,confident,v1,
data\raw\oxford-iiit-pet\images\beagle_35.jpg,Staffordshire Bull Terrier,dog,0.5079644322395325,uncertain,v1,
data\raw\oxford-iiit-pet\images\beagle_36.jpg,Beagle,dog,0.8645329475402832,confident,v1,
data\raw\oxford-iiit-pet\images\beagle_37.jpg,Beagle,dog,0.9986452460289001,confident,v1,
data\raw\oxford-iiit-pet\images\beagle_38.jpg,Beagle,dog,0.9984941482543945,confident,v1,
data\raw\oxford-iiit-pet\images\beagle_39.jpg,Beagle,dog,0.9986096620559692,confident,v1,
data\raw\oxford-iiit-pet\images\beagle_4.jpg,Basset Hound,dog,0.7457374334335327,uncertain,v1,
data\raw\oxford-iiit-pet\images\beagle_40.jpg,Beagle,dog,0.9996590614318848,confident,v1,
data\raw\oxford-iiit-pet\images\beagle_41.jpg,Beagle,dog,0.9993756413459778,confident,v1,
data\raw\oxford-iiit-pet\images\beagle_42.jpg,Beagle,dog,0.9928473830223083,confident,v1,
data\raw\oxford-iiit-pet\images\beagle_43.jpg,Basset Hound,dog,0.6261215209960938,uncertain,v1,
data\raw\oxford-iiit-pet\images\beagle_44.jpg,Beagle,dog,0.9977450370788574,confident,v1,
data\raw\oxford-iiit-pet\images\beagle_45.jpg,Beagle,dog,0.7186616659164429,uncertain,v1,
data\raw\oxford-iiit-pet\images\beagle_46.jpg,Beagle,dog,0.9993305206298828,confident,v1,
data\raw\oxford-iiit-pet\images\beagle_47.jpg,Beagle,dog,0.9337643980979919,confident,v1,
data\raw\oxford-iiit-pet\images\beagle_48.jpg,Beagle,dog,0.5358370542526245,uncertain,v1,
data\raw\oxford-iiit-pet\images\beagle_49.jpg,Basset Hound,dog,0.9806305766105652,confident,v1,
data\raw\oxford-iiit-pet\images\beagle_5.jpg,Beagle,dog,0.9973756074905396,confident,v1,
data\raw\oxford-iiit-pet\images\beagle_50.jpg,Beagle,dog,0.9879409074783325,confident,v1,
data\raw\oxford-iiit-pet\images\beagle_51.jpg,Beagle,dog,0.9951377511024475,confident,v1,
data\raw\oxford-iiit-pet\images\beagle_52.jpg,Beagle,dog,0.9976871013641357,confident,v1,
data\raw\oxford-iiit-pet\images\beagle_53.jpg,Beagle,dog,0.9989976286888123,confident,v1,
data\raw\oxford-iiit-pet\images\beagle_54.jpg,Beagle,dog,0.9972473978996277,confident,v1,
data\raw\oxford-iiit-pet\images\beagle_55.jpg,Beagle,dog,0.8873356580734253,confident,v1,
data\raw\oxford-iiit-pet\images\beagle_56.jpg,Beagle,dog,0.9918423891067505,confident,v1,
data\raw\oxford-iiit-pet\images\beagle_57.jpg,Beagle,dog,0.7958998680114746,confident,v1,
data\raw\oxford-iiit-pet\images\beagle_58.jpg,Beagle,dog,0.7040194869041443,uncertain,v1,
data\raw\oxford-iiit-pet\images\beagle_59.jpg,Beagle,dog,0.9487878084182739,confident,v1,
data\raw\oxford-iiit-pet\images\beagle_6.jpg,Beagle,dog,0.9986087679862976,confident,v1,
data\raw\oxford-iiit-pet\images\beagle_60.jpg,Beagle,dog,0.9924323558807373,confident,v1,
data\raw\oxford-iiit-pet\images\beagle_61.jpg,Beagle,dog,0.7400512099266052,uncertain,v1,
data\raw\oxford-iiit-pet\images\beagle_62.jpg,Beagle,dog,0.9952497482299805,confident,v1,
data\raw\oxford-iiit-pet\images\beagle_63.jpg,Beagle,dog,0.9764226675033569,confident,v1,
data\raw\oxford-iiit-pet\images\beagle_64.jpg,Beagle,dog,0.6626347303390503,uncertain,v1,
data\raw\oxford-iiit-pet\images\beagle_65.jpg,Beagle,dog,0.9967431426048279,confident,v1,
data\raw\oxford-iiit-pet\images\beagle_66.jpg,Beagle,dog,0.9996322393417358,confident,v1,
data\raw\oxford-iiit-pet\images\beagle_67.jpg,Beagle,dog,0.9334214329719543,confident,v1,
data\raw\oxford-iiit-pet\images\beagle_68.jpg,Beagle,dog,0.9819375276565552,confident,v1,
data\raw\oxford-iiit-pet\images\beagle_69.jpg,Basset Hound,dog,0.7029945850372314,uncertain,v1,
data\raw\oxford-iiit-pet\images\beagle_7.jpg,Beagle,dog,0.9976863861083984,confident,v1,
data\raw\oxford-iiit-pet\images\beagle_70.jpg,Beagle,dog,0.523919403553009,uncertain,v1,
data\raw\oxford-iiit-pet\images\beagle_71.jpg,Beagle,dog,0.9901700615882874,confident,v1,
data\raw\oxford-iiit-pet\images\beagle_72.jpg,Beagle,dog,0.9913660287857056,confident,v1,
data\raw\oxford-iiit-pet\images\beagle_73.jpg,Beagle,dog,0.999294638633728,confident,v1,
data\raw\oxford-iiit-pet\images\beagle_74.jpg,Beagle,dog,0.9978637099266052,confident,v1,
data\raw\oxford-iiit-pet\images\beagle_75.jpg,Beagle,dog,0.9993763566017151,confident,v1,
data\raw\oxford-iiit-pet\images\beagle_76.jpg,Beagle,dog,0.9783304333686829,confident,v1,
data\raw\oxford-iiit-pet\images\beagle_77.jpg,Beagle,dog,0.996716320514679,confident,v1,
data\raw\oxford-iiit-pet\images\beagle_78.jpg,Beagle,dog,0.9995063543319702,confident,v1,
data\raw\oxford-iiit-pet\images\beagle_79.jpg,Beagle,dog,0.999574601650238,confident,v1,
data\raw\oxford-iiit-pet\images\beagle_8.jpg,Beagle,dog,0.9477889537811279,confident,v1,
data\raw\oxford-iiit-pet\images\beagle_80.jpg,Beagle,dog,0.9517614245414734,confident,v1,
data\raw\oxford-iiit-pet\images\beagle_81.jpg,Beagle,dog,0.9949966669082642,confident,v1,
data\raw\oxford-iiit-pet\images\beagle_82.jpg,Beagle,dog,0.9858376383781433,confident,v1,
data\raw\oxford-iiit-pet\images\beagle_83.jpg,Basset Hound,dog,0.675445556640625,uncertain,v1,
data\raw\oxford-iiit-pet\images\beagle_84.jpg,Basset Hound,dog,0.7194570899009705,uncertain,v1,
data\raw\oxford-iiit-pet\images\beagle_85.jpg,Beagle,dog,0.9977031350135803,confident,v1,
data\raw\oxford-iiit-pet\images\beagle_86.jpg,Beagle,dog,0.9838755130767822,confident,v1,
data\raw\oxford-iiit-pet\images\beagle_87.jpg,Beagle,dog,0.6317422389984131,uncertain,v1,
data\raw\oxford-iiit-pet\images\beagle_88.jpg,Beagle,dog,0.9886460304260254,confident,v1,
data\raw\oxford-iiit-pet\images\beagle_89.jpg,Beagle,dog,0.997606635093689,confident,v1,
data\raw\oxford-iiit-pet\images\beagle_9.jpg,Beagle,dog,0.9992433786392212,confident,v1,
data\raw\oxford-iiit-pet\images\beagle_90.jpg,Beagle,dog,0.995699405670166,confident,v1,
data\raw\oxford-iiit-pet\images\beagle_91.jpg,Beagle,dog,0.999729573726654,confident,v1,
data\raw\oxford-iiit-pet\images\beagle_92.jpg,Beagle,dog,0.970245897769928,confident,v1,
data\raw\oxford-iiit-pet\images\beagle_93.jpg,Beagle,dog,0.999288022518158,confident,v1,
data\raw\oxford-iiit-pet\images\beagle_94.jpg,Beagle,dog,0.926365852355957,confident,v1,
data\raw\oxford-iiit-pet\images\beagle_95.jpg,Beagle,dog,0.9986959099769592,confident,v1,
data\raw\oxford-iiit-pet\images\beagle_96.jpg,Beagle,dog,0.9958887696266174,confident,v1,
data\raw\oxford-iiit-pet\images\beagle_97.jpg,Beagle,dog,0.9971359968185425,confident,v1,
data\raw\oxford-iiit-pet\images\beagle_98.jpg,Beagle,dog,0.9954675436019897,confident,v1,
data\raw\oxford-iiit-pet\images\beagle_99.jpg,Beagle,dog,0.9723494052886963,confident,v1,
